平均購屋貸款利率_(年息百分比率),每戶可支配年所得_,CPI_,失業率,公寓單價_平均,公寓單價_中位,公寓成交_(棟),住宅大樓單價_平均,住宅大樓單價_中位,住宅大樓成交_(棟),透天厝單價_平均,透天厝單價_中位,透天厝成交_(棟),遷入總人數_(人),遷出總人數_(人),city,year,month
1.963,1152523,94.18,3.9,13,12,135,18,17,1471,38,34,640,3259.0,3814.0,臺中市,2014,1
1.97,1152523,93.81,3.9,13,12,116,18,15,1403,38,35,594,3259.0,3814.0,臺中市,2014,2
1.967,1152523,93.99,3.9,12,12,238,19,17,2105,38,34,1064,3259.0,3814.0,臺中市,2014,3
1.956,1152523,94.62,3.9,13,12,198,18,17,1976,37,32,1203,3259.0,3814.0,臺中市,2014,4
1.961,1152523,94.76,3.9,13,12,185,18,16,1539,39,35,885,3259.0,3814.0,臺中市,2014,5
1.956,1152523,95.25,3.9,13,12,176,18,16,1917,39,35,969,3259.0,3814.0,臺中市,2014,6
1.958,1152523,95.22,3.9,13,12,159,18,16,1529,39,35,893,3259.0,3814.0,臺中市,2014,7
1.963,1152523,95.64,3.9,14,13,162,17,16,1368,41,35,794,3259.0,3814.0,臺中市,2014,8
1.972,1152523,95.59,3.9,13,12,164,19,16,1482,39,34,843,3259.0,3814.0,臺中市,2014,9
1.977,1152523,95.66,3.9,13,13,165,18,16,1674,38,35,870,3259.0,3814.0,臺中市,2014,10
1.959,1152523,94.78,3.9,13,13,148,18,17,2232,37,32,816,3259.0,3814.0,臺中市,2014,11
1.962,1152523,94.46,3.9,14,13,147,18,17,2000,38,33,1077,3259.0,3814.0,臺中市,2014,12
1.985,1169183,93.3,3.7,14,13,110,18,16,1635,41,36,573,3155.0,3769.0,臺中市,2015,1
1.984,1169183,93.62,3.7,13,13,72,18,17,803,42,39,396,2420.0,3211.0,臺中市,2015,2
1.99,1169183,93.41,3.7,13,13,154,18,17,1313,40,36,754,3833.0,4965.0,臺中市,2015,3
1.986,1169183,93.84,3.7,13,13,174,18,17,1385,40,33,790,3153.0,4421.0,臺中市,2015,4
1.981,1169183,94.07,3.7,13,12,142,19,17,1339,39,33,740,3517.0,4509.0,臺中市,2015,5
1.983,1169183,94.72,3.7,14,14,134,18,17,1275,40,35,681,3209.0,4468.0,臺中市,2015,6
1.976,1169183,94.62,3.8,13,13,147,18,16,1276,39,35,683,3593.0,5337.0,臺中市,2015,7
1.974,1169183,95.21,3.8,17,15,127,18,17,1025,39,34,615,3391.0,5759.0,臺中市,2015,8
1.964,1169183,95.87,3.8,14,12,104,18,17,901,40,34,492,3027.0,4070.0,臺中市,2015,9
1.911,1169183,95.95,3.8,13,13,142,18,16,1015,38,33,674,2638.0,3363.0,臺中市,2015,10
1.906,1169183,95.29,3.8,13,13,115,18,17,1316,41,36,997,2401.0,3079.0,臺中市,2015,11
1.895,1169183,94.58,3.8,13,12,152,19,17,1277,41,34,956,2518.0,3062.0,臺中市,2015,12
1.852,1140325,94.05,3.8,14,13,104,18,17,773,40,34,480,2753.0,3612.0,臺中市,2016,1
1.835,1140325,95.88,3.8,13,12,59,19,18,569,40,33,324,2416.0,3370.0,臺中市,2016,2
1.816,1140325,95.29,3.8,13,13,121,19,18,1150,41,35,662,3359.0,4166.0,臺中市,2016,3
1.74,1140325,95.6,3.8,14,13,122,20,18,1289,43,37,659,2647.0,3589.0,臺中市,2016,4
1.731,1140325,95.23,3.8,14,13,120,19,17,1261,41,36,708,3182.0,4313.0,臺中市,2016,5
1.724,1140325,95.57,3.8,14,13,123,19,17,1137,41,36,743,2852.0,3767.0,臺中市,2016,6
1.695,1140325,95.79,3.8,14,13,149,18,17,1136,39,35,724,3002.0,4075.0,臺中市,2016,7
1.684,1140325,95.75,3.8,13,13,104,18,17,1023,39,35,634,3425.0,4630.0,臺中市,2016,8
1.669,1140325,96.19,3.8,14,14,113,18,17,1234,41,36,666,2966.0,3963.0,臺中市,2016,9
1.661,1140325,97.58,3.8,13,13,118,18,17,1092,40,35,683,2518.0,4116.0,臺中市,2016,10
1.678,1140325,97.17,3.8,14,13,95,18,17,1007,39,35,679,2525.0,3678.0,臺中市,2016,11
1.659,1140325,96.18,3.8,13,12,143,18,17,1277,39,35,849,2754.0,3620.0,臺中市,2016,12
1.674,1245350,96.16,3.6,14,12,97,16,14,1420,41,35,535,2455.0,3318.0,臺中市,2017,1
1.668,1245350,95.82,3.6,15,14,79,19,18,1013,39,35,493,2869.0,3766.0,臺中市,2017,2
1.665,1245350,95.46,3.6,14,13,144,19,17,1446,41,37,770,3262.0,4307.0,臺中市,2017,3
1.666,1245350,95.69,3.6,14,13,165,19,18,1565,40,37,829,2596.0,3408.0,臺中市,2017,4
1.655,1245350,95.8,3.6,14,13,148,20,19,1764,41,36,822,3050.0,4097.0,臺中市,2017,5
1.647,1245350,96.53,3.6,13,13,125,19,19,1596,39,36,688,3109.0,3742.0,臺中市,2017,6
1.642,1245350,96.53,3.7,15,14,148,19,18,1513,40,36,681,3057.0,4059.0,臺中市,2017,7
1.638,1245350,96.67,3.7,14,14,134,20,19,1652,40,36,794,3546.0,4897.0,臺中市,2017,8
1.633,1245350,96.66,3.7,14,14,126,21,19,1425,44,38,644,2972.0,3745.0,臺中市,2017,9
1.627,1245350,97.26,3.7,14,14,138,19,18,1808,45,37,764,2251.0,3084.0,臺中市,2017,10
1.63,1245350,97.5,3.7,14,14,144,20,18,1829,42,39,807,2432.0,3316.0,臺中市,2017,11
1.632,1245350,97.35,3.7,14,14,146,19,18,1880,40,36,884,2519.0,3585.0,臺中市,2017,12
1.635,1279865,97.02,3.6,14,14,129,19,18,1815,41,38,764,3065.0,4236.0,臺中市,2018,1
1.633,1279865,97.93,3.6,14,13,77,20,18,988,46,42,461,2158.0,3337.0,臺中市,2018,2
1.628,1279865,96.98,3.6,14,13,157,19,18,1908,43,40,838,3617.0,4984.0,臺中市,2018,3
1.629,1279865,97.61,3.6,15,14,144,76,18,1956,42,37,725,3134.0,3621.0,臺中市,2018,4
1.627,1279865,97.48,3.6,14,14,146,19,18,1975,42,36,730,3898.0,4342.0,臺中市,2018,5
1.624,1279865,97.88,3.6,15,14,141,19,19,1781,44,39,722,2922.0,3375.0,臺中市,2018,6
1.62,1279865,98.22,3.8,15,14,135,20,19,1764,42,36,764,3645.0,4177.0,臺中市,2018,7
1.626,1279865,98.16,3.8,15,14,126,20,19,1647,44,40,665,3498.0,4117.0,臺中市,2018,8
1.62,1279865,98.32,3.8,15,14,159,19,18,1755,44,39,732,2835.0,3104.0,臺中市,2018,9
1.627,1279865,98.39,3.8,14,14,130,21,20,1852,48,40,788,2333.0,3015.0,臺中市,2018,10
1.626,1279865,97.78,3.8,14,14,119,20,19,1622,43,39,784,2141.0,3354.0,臺中市,2018,11
1.617,1279865,97.29,3.8,15,15,148,21,20,1878,44,39,834,2706.0,4490.0,臺中市,2018,12
1.629,1298497,97.19,3.7,15,14,166,20,19,1860,46,40,803,3027.0,4826.0,臺中市,2019,1
1.638,1298497,98.14,3.7,15,14,91,20,19,1256,44,39,505,2483.0,3205.0,臺中市,2019,2
1.627,1298497,97.52,3.7,15,14,169,20,19,2358,47,39,912,3077.0,3728.0,臺中市,2019,3
1.622,1298497,98.25,3.7,14,14,146,20,19,2273,47,43,900,3166.0,3521.0,臺中市,2019,4
1.622,1298497,98.39,3.7,15,15,165,21,21,2287,45,42,882,3434.0,3696.0,臺中市,2019,5
1.621,1298497,98.71,3.7,16,15,163,21,21,2288,44,40,851,2927.0,3226.0,臺中市,2019,6
1.619,1298497,98.6,3.8,16,15,177,22,21,2274,45,42,885,3969.0,4409.0,臺中市,2019,7
1.624,1298497,98.58,3.8,16,15,126,22,21,2052,45,41,627,3919.0,4131.0,臺中市,2019,8
1.615,1298497,98.73,3.8,16,16,155,23,22,2290,45,42,874,3342.0,3785.0,臺中市,2019,9
1.615,1298497,98.75,3.8,16,15,191,22,21,2452,45,41,924,2513.0,2753.0,臺中市,2019,10
1.617,1298497,98.35,3.8,16,15,195,22,21,2409,47,40,870,2217.0,2532.0,臺中市,2019,11
1.608,1298497,98.41,3.8,16,15,197,23,21,2432,47,42,925,2273.0,2492.0,臺中市,2019,12
1.617,1289700,99.0,3.9,15,15,121,23,21,1498,47,44,637,2874.0,3066.0,臺中市,2020,1
1.611,1289700,97.94,3.9,16,15,126,22,21,1889,45,40,824,3145.0,3577.0,臺中市,2020,2
1.593,1289700,97.5,3.9,15,15,166,22,21,2227,48,41,862,3195.0,3980.0,臺中市,2020,3
1.381,1289700,97.3,3.9,16,16,159,21,21,1669,46,41,783,2919.0,3190.0,臺中市,2020,4
1.349,1289700,97.2,3.9,16,16,180,22,21,2288,47,42,890,3090.0,3139.0,臺中市,2020,5
1.359,1289700,97.98,3.9,17,16,214,22,21,2513,47,43,938,2770.0,3047.0,臺中市,2020,6
1.359,1289700,98.1,3.9,19,17,207,23,22,2749,50,44,1066,3477.0,3641.0,臺中市,2020,7
1.359,1289700,98.25,3.9,18,17,227,23,23,2854,50,45,1008,3533.0,3869.0,臺中市,2020,8
1.359,1289700,98.16,3.9,18,17,250,23,22,2541,52,45,998,3225.0,3578.0,臺中市,2020,9
1.367,1289700,98.49,3.9,18,17,254,24,23,2671,52,46,996,2236.0,2851.0,臺中市,2020,10
1.361,1289700,98.44,3.9,18,17,227,24,23,2761,49,43,1104,2357.0,3428.0,臺中市,2020,11
1.356,1289700,98.45,3.9,18,17,226,26,24,2550,50,44,1032,2740.0,4577.0,臺中市,2020,12
1.362,1304508,98.81,3.9,18,18,204,26,24,2341,53,45,882,2503.0,3838.0,臺中市,2021,1
1.367,1304508,99.29,3.9,19,18,134,25,24,1596,53,45,568,2319.0,3439.0,臺中市,2021,2
1.357,1304508,98.69,3.9,19,18,226,24,23,2382,53,49,1097,3248.0,4324.0,臺中市,2021,3
1.357,1304508,99.35,3.9,18,18,257,24,23,2556,54,48,936,2846.0,3518.0,臺中市,2021,4
1.35,1304508,99.58,3.9,19,19,209,24,23,1795,54,48,843,2423.0,2785.0,臺中市,2021,5
1.353,1304508,99.77,3.9,18,18,121,26,24,1201,55,50,590,2389.0,2710.0,臺中市,2021,6
1.349,1304508,99.97,4.0,20,18,183,26,24,1854,55,49,824,3151.0,3725.0,臺中市,2021,7
1.349,1304508,100.55,4.0,20,19,183,27,25,2346,53,48,837,3365.0,3999.0,臺中市,2021,8
1.346,1304508,100.71,4.0,20,19,214,27,25,2766,56,53,1028,3159.0,3445.0,臺中市,2021,9
1.351,1304508,101.0,4.0,21,19,221,27,25,2752,55,51,1038,2545.0,2995.0,臺中市,2021,10
1.351,1304508,101.24,4.0,20,20,211,27,27,2722,57,52,884,2546.0,3177.0,臺中市,2021,11
1.355,1304508,101.04,4.0,22,21,224,28,26,1995,61,56,815,2774.0,3489.0,臺中市,2021,12
1.359,1338826,101.61,3.6,23,21,184,28,26,1647,56,52,678,2894.0,3799.0,臺中市,2022,1
1.367,1338826,101.6,3.6,22,21,138,27,26,1164,55,51,527,2394.0,3274.0,臺中市,2022,2
1.378,1338826,101.92,3.6,21,21,228,29,26,1970,59,52,807,3607.0,4328.0,臺中市,2022,3
1.561,1338826,102.7,3.6,22,21,210,28,26,1643,58,53,614,3184.0,3522.0,臺中市,2022,4
1.601,1338826,102.96,3.6,22,21,168,31,29,1549,58,50,598,3144.0,3379.0,臺中市,2022,5
1.614,1338826,103.35,3.6,22,20,159,28,27,1159,55,48,567,3064.0,3231.0,臺中市,2022,6
1.703,1338826,103.32,3.7,22,21,173,28,27,1143,57,55,513,3380.0,3876.0,臺中市,2022,7
1.729,1338826,103.24,3.7,23,22,125,29,27,905,57,50,410,3097.0,4063.0,臺中市,2022,8
1.731,1338826,103.49,3.7,22,21,151,29,27,1129,58,52,505,2855.0,3556.0,臺中市,2022,9
1.827,1338826,103.77,3.7,23,21,159,29,27,1132,69,51,503,1860.0,2465.0,臺中市,2022,10
1.851,1338826,103.62,3.7,23,22,121,27,26,935,53,46,477,2079.0,2939.0,臺中市,2022,11
1.864,1338826,103.78,3.7,22,22,112,28,26,972,54,47,471,2730.0,3885.0,臺中市,2022,12
1.953,1346521,104.71,3.5,20,20,90,28,26,697,55,50,356,2207.0,3029.0,臺中市,2023,1
1.98,1346521,104.06,3.5,22,22,128,27,25,995,53,46,393,2851.0,4187.0,臺中市,2023,2
1.985,1346521,104.32,3.5,37,23,143,28,27,1164,56,51,609,3112.0,4557.0,臺中市,2023,3
2.08,1346521,105.11,3.5,22,22,174,29,27,1266,58,54,488,2318.0,3197.0,臺中市,2023,4
2.101,1346521,105.04,3.5,22,21,143,28,27,1089,56,54,460,3027.0,3996.0,臺中市,2023,5
2.098,1346521,105.16,3.5,22,21,127,29,27,1082,61,56,456,2681.0,3866.0,臺中市,2023,6
2.098,1346521,105.26,3.5,23,23,85,29,27,811,59,54,369,2967.0,4138.0,臺中市,2023,7
2.091,1346521,105.85,3.5,23,21,142,32,28,1136,56,50,380,3281.0,4466.0,臺中市,2023,8
2.076,1346521,106.52,3.5,23,23,116,29,28,1031,63,58,381,2927.0,3731.0,臺中市,2023,9
2.077,1346521,106.92,3.5,24,22,148,30,28,1219,57,54,503,2165.0,2936.0,臺中市,2023,10
2.071,1346521,106.62,3.5,39,22,155,30,28,1176,60,56,485,2203.0,2997.0,臺中市,2023,11
2.079,1346521,106.58,3.5,23,22,140,30,29,1367,55,53,540,2068.0,2890.0,臺中市,2023,12
1.963,1575819,94.18,4.0,53,52,327,60,55,849,124,99,30,6270.0,6461.0,臺北市,2014,1
1.97,1575819,93.81,4.0,50,50,310,66,63,650,146,122,28,6270.0,6461.0,臺北市,2014,2
1.967,1575819,93.99,4.0,53,51,539,64,61,1157,173,120,45,6270.0,6461.0,臺北市,2014,3
1.956,1575819,94.62,4.0,53,50,533,58,58,1315,204,150,68,6270.0,6461.0,臺北市,2014,4
1.961,1575819,94.76,4.0,52,49,446,67,65,936,208,145,57,6270.0,6461.0,臺北市,2014,5
1.956,1575819,95.25,4.0,51,48,454,64,62,801,146,98,35,6270.0,6461.0,臺北市,2014,6
1.958,1575819,95.22,4.0,52,49,412,62,58,980,156,107,44,6270.0,6461.0,臺北市,2014,7
1.963,1575819,95.64,4.0,50,49,387,63,60,771,127,93,38,6270.0,6461.0,臺北市,2014,8
1.972,1575819,95.59,4.0,51,47,471,64,62,745,121,93,51,6270.0,6461.0,臺北市,2014,9
1.977,1575819,95.66,4.0,50,48,497,63,59,895,132,101,56,6270.0,6461.0,臺北市,2014,10
1.959,1575819,94.78,4.0,51,48,466,65,63,862,175,114,50,6270.0,6461.0,臺北市,2014,11
1.962,1575819,94.46,4.0,47,46,669,64,60,1116,149,96,75,6270.0,6461.0,臺北市,2014,12
1.985,1581899,93.3,3.7,53,49,328,66,62,585,138,83,25,5720.0,5887.0,臺北市,2015,1
1.984,1581899,93.62,3.7,54,49,191,64,61,387,136,105,26,4895.0,4505.0,臺北市,2015,2
1.99,1581899,93.41,3.7,52,50,388,66,64,803,161,130,34,7069.0,7044.0,臺北市,2015,3
1.986,1581899,93.84,3.7,49,47,366,64,61,822,114,90,30,6760.0,6089.0,臺北市,2015,4
1.981,1581899,94.07,3.7,52,50,409,66,61,694,137,110,30,7613.0,6435.0,臺北市,2015,5
1.983,1581899,94.72,3.7,50,48,344,65,62,731,153,136,36,6787.0,5673.0,臺北市,2015,6
1.976,1581899,94.62,3.9,49,47,386,64,61,696,135,110,38,8086.0,5754.0,臺北市,2015,7
1.974,1581899,95.21,3.9,51,46,343,61,59,619,404,114,39,7484.0,5263.0,臺北市,2015,8
1.964,1581899,95.87,3.9,49,45,327,62,57,737,100,80,116,7314.0,5341.0,臺北市,2015,9
1.911,1581899,95.95,3.9,49,44,488,61,59,794,129,103,44,5073.0,4742.0,臺北市,2015,10
1.906,1581899,95.29,3.9,49,44,546,58,55,982,132,109,73,4673.0,4537.0,臺北市,2015,11
1.895,1581899,94.58,3.9,46,45,574,60,56,1081,159,115,103,4784.0,4776.0,臺北市,2015,12
1.852,1568945,94.05,3.8,50,47,257,60,56,432,152,129,26,5430.0,4785.0,臺北市,2016,1
1.835,1568945,95.88,3.8,49,47,151,63,60,277,130,111,8,5053.0,4218.0,臺北市,2016,2
1.816,1568945,95.29,3.8,47,45,278,63,59,570,159,118,34,6839.0,6366.0,臺北市,2016,3
1.74,1568945,95.6,3.8,50,46,353,55,56,840,149,91,28,6401.0,4872.0,臺北市,2016,4
1.731,1568945,95.23,3.8,49,46,379,62,59,900,129,115,49,8022.0,6122.0,臺北市,2016,5
1.724,1568945,95.57,3.8,50,47,360,61,59,682,122,110,27,6436.0,5226.0,臺北市,2016,6
1.695,1568945,95.79,4.0,49,47,337,61,58,666,166,93,35,7504.0,4893.0,臺北市,2016,7
1.684,1568945,95.75,4.0,47,46,321,63,59,636,119,101,31,8602.0,5284.0,臺北市,2016,8
1.669,1568945,96.19,4.0,47,45,331,59,57,570,128,79,23,7524.0,5039.0,臺北市,2016,9
1.661,1568945,97.58,4.0,47,46,334,59,58,605,141,122,28,6021.0,4552.0,臺北市,2016,10
1.678,1568945,97.17,4.0,47,45,400,64,60,652,139,107,37,6319.0,4445.0,臺北市,2016,11
1.659,1568945,96.18,4.0,47,45,417,62,59,795,133,125,46,6060.0,4650.0,臺北市,2016,12
1.674,1648122,96.16,3.8,48,46,278,61,59,535,156,124,35,5023.0,3990.0,臺北市,2017,1
1.668,1648122,95.82,3.8,46,43,263,61,58,534,146,96,31,6044.0,4467.0,臺北市,2017,2
1.665,1648122,95.46,3.8,47,45,387,63,59,786,149,100,44,7591.0,6093.0,臺北市,2017,3
1.666,1648122,95.69,3.8,47,46,400,61,58,748,135,111,36,6129.0,4391.0,臺北市,2017,4
1.655,1648122,95.8,3.8,48,45,384,63,59,774,156,109,38,8078.0,5957.0,臺北市,2017,5
1.647,1648122,96.53,3.8,46,44,357,62,59,739,146,131,28,6736.0,5207.0,臺北市,2017,6
1.642,1648122,96.53,3.8,48,45,353,62,59,757,97,100,36,7579.0,4604.0,臺北市,2017,7
1.638,1648122,96.67,3.8,49,46,376,63,60,727,152,101,37,8321.0,5615.0,臺北市,2017,8
1.633,1648122,96.66,3.8,47,44,316,61,58,662,125,121,39,7644.0,5121.0,臺北市,2017,9
1.627,1648122,97.26,3.8,48,44,370,61,60,854,140,119,32,4891.0,4078.0,臺北市,2017,10
1.63,1648122,97.5,3.8,48,45,422,47,46,1268,131,123,26,5495.0,4575.0,臺北市,2017,11
1.632,1648122,97.35,3.8,47,44,439,61,59,824,142,105,59,5793.0,4793.0,臺北市,2017,12
1.635,1649348,97.02,3.6,51,47,416,62,59,773,145,121,44,5930.0,5207.0,臺北市,2018,1
1.633,1649348,97.93,3.6,48,46,235,63,60,459,120,107,26,5102.0,3649.0,臺北市,2018,2
1.628,1649348,96.98,3.6,48,46,398,61,59,985,130,100,41,8437.0,6695.0,臺北市,2018,3
1.629,1649348,97.61,3.6,51,44,421,64,59,923,135,97,39,6669.0,4961.0,臺北市,2018,4
1.627,1649348,97.48,3.6,57,49,456,63,59,957,126,102,46,9375.0,7009.0,臺北市,2018,5
1.624,1649348,97.88,3.6,52,47,448,62,59,901,129,91,30,6206.0,4740.0,臺北市,2018,6
1.62,1649348,98.22,3.8,51,46,403,62,59,912,136,118,38,8062.0,5675.0,臺北市,2018,7
1.626,1649348,98.16,3.8,48,45,400,63,60,829,128,103,37,7750.0,5497.0,臺北市,2018,8
1.62,1649348,98.32,3.8,50,46,356,63,60,815,137,120,30,6814.0,4257.0,臺北市,2018,9
1.627,1649348,98.39,3.8,48,46,433,63,59,875,90,77,37,4512.0,3757.0,臺北市,2018,10
1.626,1649348,97.78,3.8,51,48,393,66,62,827,145,116,28,4887.0,3769.0,臺北市,2018,11
1.617,1649348,97.29,3.8,49,47,455,65,63,870,144,112,42,7264.0,5271.0,臺北市,2018,12
1.629,1723021,97.19,3.6,48,45,407,63,60,858,143,115,47,7297.0,5285.0,臺北市,2019,1
1.638,1723021,98.14,3.6,50,46,226,64,62,519,140,114,30,5916.0,3949.0,臺北市,2019,2
1.627,1723021,97.52,3.6,49,47,481,64,61,1031,143,117,45,7145.0,5428.0,臺北市,2019,3
1.622,1723021,98.25,3.6,51,48,471,65,62,1017,137,101,38,7227.0,4856.0,臺北市,2019,4
1.622,1723021,98.39,3.6,48,46,478,65,62,1040,134,109,41,8980.0,5830.0,臺北市,2019,5
1.621,1723021,98.71,3.6,48,45,454,64,60,1082,142,102,55,6283.0,4783.0,臺北市,2019,6
1.619,1723021,98.6,3.8,48,45,499,65,62,1019,112,92,36,9734.0,5478.0,臺北市,2019,7
1.624,1723021,98.58,3.8,50,46,389,66,63,837,147,120,39,9248.0,4995.0,臺北市,2019,8
1.615,1723021,98.73,3.8,47,45,388,67,63,982,135,110,57,8479.0,5289.0,臺北市,2019,9
1.615,1723021,98.75,3.8,48,47,454,67,63,999,126,104,50,5806.0,4098.0,臺北市,2019,10
1.617,1723021,98.35,3.8,50,47,492,65,62,977,121,100,65,5276.0,3581.0,臺北市,2019,11
1.608,1723021,98.41,3.8,50,48,521,64,62,1098,168,138,64,4934.0,3402.0,臺北市,2019,12
1.617,1716591,99.0,3.8,48,45,326,65,61,714,174,162,37,6714.0,3892.0,臺北市,2020,1
1.611,1716591,97.94,3.8,49,45,406,65,62,785,113,87,40,8208.0,4737.0,臺北市,2020,2
1.593,1716591,97.5,3.8,49,46,423,65,62,898,148,122,53,7887.0,4855.0,臺北市,2020,3
1.381,1716591,97.3,3.8,48,46,452,65,62,786,152,118,41,7170.0,3770.0,臺北市,2020,4
1.349,1716591,97.2,3.8,52,50,455,66,63,1173,136,105,43,7749.0,4514.0,臺北市,2020,5
1.359,1716591,97.98,3.9,50,47,536,67,64,1461,160,118,32,6321.0,4812.0,臺北市,2020,6
1.359,1716591,98.1,3.9,51,47,537,68,65,1651,126,119,43,8398.0,5401.0,臺北市,2020,7
1.359,1716591,98.25,3.9,51,48,500,70,66,1663,151,135,47,8415.0,4835.0,臺北市,2020,8
1.359,1716591,98.16,3.9,53,50,451,69,65,1489,161,130,53,8981.0,5400.0,臺北市,2020,9
1.367,1716591,98.49,3.9,53,49,517,70,68,1465,133,105,67,5447.0,3696.0,臺北市,2020,10
1.361,1716591,98.44,3.9,53,50,583,68,66,1453,139,108,58,6025.0,4007.0,臺北市,2020,11
1.356,1716591,98.45,3.9,52,49,605,70,67,1570,136,121,72,6386.0,4459.0,臺北市,2020,12
1.362,1732126,98.81,4.0,53,49,527,70,68,1249,128,108,42,6044.0,3903.0,臺北市,2021,1
1.367,1732126,99.29,4.0,54,51,336,69,67,906,133,121,29,6023.0,3527.0,臺北市,2021,2
1.357,1732126,98.69,4.0,55,53,621,71,66,1500,166,118,52,8233.0,5027.0,臺北市,2021,3
1.357,1732126,99.35,4.0,55,51,596,71,68,1529,140,142,46,7602.0,4395.0,臺北市,2021,4
1.35,1732126,99.58,4.0,54,52,441,71,67,1074,132,119,40,5468.0,3427.0,臺北市,2021,5
1.353,1732126,99.77,4.0,54,50,288,71,66,682,113,79,27,4613.0,3462.0,臺北市,2021,6
1.349,1732126,99.97,4.1,53,51,413,71,69,1006,115,101,32,7249.0,4024.0,臺北市,2021,7
1.349,1732126,100.55,4.1,56,54,462,72,69,1205,129,113,46,8565.0,4719.0,臺北市,2021,8
1.346,1732126,100.71,4.1,54,50,493,74,71,1295,101,78,41,9141.0,5143.0,臺北市,2021,9
1.351,1732126,101.0,4.1,55,53,581,76,72,1308,150,123,43,6201.0,3544.0,臺北市,2021,10
1.351,1732126,101.24,4.1,55,52,538,74,72,1377,120,87,33,6195.0,4075.0,臺北市,2021,11
1.355,1732126,101.04,4.1,55,53,399,74,72,1126,162,139,27,6827.0,4497.0,臺北市,2021,12
1.359,1752411,101.61,3.7,57,54,351,78,74,866,172,110,15,7030.0,4205.0,臺北市,2022,1
1.367,1752411,101.6,3.7,55,53,284,76,73,704,207,134,12,5620.0,3469.0,臺北市,2022,2
1.378,1752411,101.92,3.7,56,53,468,76,72,1183,133,111,44,8069.0,5360.0,臺北市,2022,3
1.561,1752411,102.7,3.7,56,54,389,76,72,915,137,141,31,6971.0,4182.0,臺北市,2022,4
1.601,1752411,102.96,3.7,58,54,309,76,71,755,143,107,31,6293.0,4122.0,臺北市,2022,5
1.614,1752411,103.35,3.7,56,53,364,78,73,810,122,108,22,6434.0,4627.0,臺北市,2022,6
1.703,1752411,103.32,3.6,58,55,383,75,71,835,150,110,25,7938.0,4947.0,臺北市,2022,7
1.729,1752411,103.24,3.6,56,54,319,74,71,697,137,120,23,7433.0,4310.0,臺北市,2022,8
1.731,1752411,103.49,3.6,57,54,330,75,72,739,213,134,25,7150.0,4616.0,臺北市,2022,9
1.827,1752411,103.77,3.6,56,54,344,76,74,692,163,133,20,3845.0,3049.0,臺北市,2022,10
1.851,1752411,103.62,3.6,58,55,367,75,74,722,176,146,13,4370.0,3552.0,臺北市,2022,11
1.864,1752411,103.78,3.6,58,53,349,75,73,643,170,126,35,7094.0,4768.0,臺北市,2022,12
1.953,1751823,104.71,3.5,57,56,157,75,73,339,119,91,10,5152.0,3324.0,臺北市,2023,1
1.98,1751823,104.06,3.5,55,53,319,75,72,570,118,93,16,6727.0,4357.0,臺北市,2023,2
1.985,1751823,104.32,3.5,57,55,436,76,73,876,160,118,30,7241.0,5279.0,臺北市,2023,3
2.08,1751823,105.11,3.5,59,57,430,78,75,851,142,129,27,4978.0,3514.0,臺北市,2023,4
2.101,1751823,105.04,3.5,61,58,392,77,73,769,147,118,28,6978.0,5481.0,臺北市,2023,5
2.098,1751823,105.16,3.5,59,56,295,80,75,718,139,118,19,6365.0,4657.0,臺北市,2023,6
2.098,1751823,105.26,3.5,59,56,243,78,74,544,224,184,14,7119.0,4840.0,臺北市,2023,7
2.091,1751823,105.85,3.5,58,56,316,79,75,766,148,112,28,7756.0,5106.0,臺北市,2023,8
2.076,1751823,106.52,3.5,58,53,308,79,77,698,139,126,33,7654.0,5053.0,臺北市,2023,9
2.077,1751823,106.92,3.5,60,57,385,80,78,773,164,147,26,4815.0,3894.0,臺北市,2023,10
2.071,1751823,106.62,3.5,59,56,348,78,76,783,173,119,20,4930.0,3869.0,臺北市,2023,11
2.079,1751823,106.58,3.5,59,57,484,79,76,874,143,106,34,4285.0,3609.0,臺北市,2023,12
1.963,991990,94.18,4.1,8,7,80,12,10,343,24,22,423,2002.0,1943.0,臺南市,2014,1
1.97,991990,93.81,4.1,8,7,75,11,10,364,24,23,590,2002.0,1943.0,臺南市,2014,2
1.967,991990,93.99,4.1,8,8,123,11,11,546,25,24,886,2002.0,1943.0,臺南市,2014,3
1.956,991990,94.62,4.1,8,8,91,12,11,496,27,25,900,2002.0,1943.0,臺南市,2014,4
1.961,991990,94.76,4.1,8,7,90,12,11,518,28,25,880,2002.0,1943.0,臺南市,2014,5
1.956,991990,95.25,4.1,8,7,92,13,12,599,26,22,807,2002.0,1943.0,臺南市,2014,6
1.958,991990,95.22,4.1,8,7,77,12,12,522,27,24,735,2002.0,1943.0,臺南市,2014,7
1.963,991990,95.64,4.1,9,8,73,12,11,397,28,26,663,2002.0,1943.0,臺南市,2014,8
1.972,991990,95.59,4.1,9,9,71,13,12,538,25,23,733,2002.0,1943.0,臺南市,2014,9
1.977,991990,95.66,4.1,9,8,80,12,12,471,26,24,699,2002.0,1943.0,臺南市,2014,10
1.959,991990,94.78,4.1,9,9,78,13,12,485,27,24,702,2002.0,1943.0,臺南市,2014,11
1.962,991990,94.46,4.1,10,9,92,13,12,544,28,27,1255,2002.0,1943.0,臺南市,2014,12
1.985,1007093,93.3,3.8,9,8,52,12,12,447,27,23,616,1957.0,2106.0,臺南市,2015,1
1.984,1007093,93.62,3.8,9,8,44,13,12,276,27,24,413,1652.0,1642.0,臺南市,2015,2
1.99,1007093,93.41,3.8,10,8,92,13,12,447,28,27,809,2257.0,2297.0,臺南市,2015,3
1.986,1007093,93.84,3.8,8,8,78,13,12,459,28,25,737,2067.0,2102.0,臺南市,2015,4
1.981,1007093,94.07,3.8,9,9,72,13,12,415,28,26,762,2043.0,1933.0,臺南市,2015,5
1.983,1007093,94.72,3.8,9,9,65,13,12,473,26,24,715,2003.0,1945.0,臺南市,2015,6
1.976,1007093,94.62,3.9,9,9,62,13,12,420,27,25,692,2374.0,2149.0,臺南市,2015,7
1.974,1007093,95.21,3.9,9,8,58,12,11,310,29,27,633,2174.0,2158.0,臺南市,2015,8
1.964,1007093,95.87,3.9,9,8,58,14,13,312,26,24,696,1841.0,1687.0,臺南市,2015,9
1.911,1007093,95.95,3.9,9,9,61,14,13,441,26,23,681,1618.0,1437.0,臺南市,2015,10
1.906,1007093,95.29,3.9,11,9,73,13,12,381,26,24,940,1563.0,1435.0,臺南市,2015,11
1.895,1007093,94.58,3.9,9,9,56,13,13,1022,28,26,981,1642.0,1545.0,臺南市,2015,12
1.852,1063495,94.05,3.9,12,13,90,13,13,345,27,26,424,1818.0,1739.0,臺南市,2016,1
1.835,1063495,95.88,3.9,10,10,26,13,13,200,28,25,325,1566.0,1692.0,臺南市,2016,2
1.816,1063495,95.29,3.9,9,9,56,13,13,410,28,25,631,2098.0,2182.0,臺南市,2016,3
1.74,1063495,95.6,3.9,9,8,63,13,13,446,29,28,588,1767.0,1977.0,臺南市,2016,4
1.731,1063495,95.23,3.9,8,8,68,13,13,418,28,25,655,2008.0,1917.0,臺南市,2016,5
1.724,1063495,95.57,3.9,9,8,56,14,14,678,29,26,697,1768.0,1800.0,臺南市,2016,6
1.695,1063495,95.79,4.0,8,8,53,13,13,383,28,26,532,1854.0,1956.0,臺南市,2016,7
1.684,1063495,95.75,4.0,11,10,63,13,14,417,28,25,476,2116.0,2211.0,臺南市,2016,8
1.669,1063495,96.19,4.0,10,9,63,13,13,346,29,27,570,1875.0,1747.0,臺南市,2016,9
1.661,1063495,97.58,4.0,9,8,56,13,14,591,28,25,581,1569.0,1500.0,臺南市,2016,10
1.678,1063495,97.17,4.0,8,8,54,13,13,413,27,25,694,1660.0,1623.0,臺南市,2016,11
1.659,1063495,96.18,4.0,9,9,72,15,16,828,29,26,855,1804.0,1823.0,臺南市,2016,12
1.674,1079199,96.16,3.8,9,9,44,14,14,342,29,27,408,1505.0,1546.0,臺南市,2017,1
1.668,1079199,95.82,3.8,9,8,41,14,14,346,29,27,462,1835.0,2059.0,臺南市,2017,2
1.665,1079199,95.46,3.8,9,9,85,14,15,765,30,26,725,2048.0,2496.0,臺南市,2017,3
1.666,1079199,95.69,3.8,9,9,58,14,14,540,29,26,655,1660.0,1873.0,臺南市,2017,4
1.655,1079199,95.8,3.8,10,10,54,14,14,570,28,26,634,1922.0,1830.0,臺南市,2017,5
1.647,1079199,96.53,3.8,9,9,56,14,14,498,29,26,767,1853.0,2022.0,臺南市,2017,6
1.642,1079199,96.53,3.8,9,9,74,14,14,541,29,28,694,1913.0,1806.0,臺南市,2017,7
1.638,1079199,96.67,3.8,9,8,53,15,15,668,30,28,725,2262.0,2369.0,臺南市,2017,8
1.633,1079199,96.66,3.8,9,9,64,15,15,576,29,28,621,1893.0,1880.0,臺南市,2017,9
1.627,1079199,97.26,3.8,10,10,60,15,14,590,29,27,771,1449.0,1579.0,臺南市,2017,10
1.63,1079199,97.5,3.8,9,9,85,14,13,577,29,27,861,1568.0,1498.0,臺南市,2017,11
1.632,1079199,97.35,3.8,10,10,68,15,16,873,30,27,916,1686.0,1668.0,臺南市,2017,12
1.635,1086077,97.02,3.8,10,9,57,15,15,743,29,28,762,1909.0,1876.0,臺南市,2018,1
1.633,1086077,97.93,3.8,9,9,38,15,15,444,29,27,514,1418.0,1514.0,臺南市,2018,2
1.628,1086077,96.98,3.8,9,8,79,15,15,856,30,28,849,2298.0,2469.0,臺南市,2018,3
1.629,1086077,97.61,3.8,9,9,63,15,15,789,31,31,792,1908.0,1785.0,臺南市,2018,4
1.627,1086077,97.48,3.8,10,9,81,15,15,760,30,28,871,2399.0,2076.0,臺南市,2018,5
1.624,1086077,97.88,3.8,9,8,54,15,15,599,31,29,779,1815.0,1711.0,臺南市,2018,6
1.62,1086077,98.22,3.8,9,8,61,15,15,648,29,27,687,2073.0,2124.0,臺南市,2018,7
1.626,1086077,98.16,3.8,10,9,61,14,13,672,30,28,578,2167.0,2132.0,臺南市,2018,8
1.62,1086077,98.32,3.8,9,9,53,15,15,533,30,26,655,1766.0,1720.0,臺南市,2018,9
1.627,1086077,98.39,3.8,10,9,58,15,14,625,29,28,702,1404.0,1304.0,臺南市,2018,10
1.626,1086077,97.78,3.8,9,9,56,15,14,622,30,27,694,1310.0,1280.0,臺南市,2018,11
1.617,1086077,97.29,3.8,9,9,74,15,15,599,29,27,814,1876.0,1904.0,臺南市,2018,12
1.629,1079174,97.19,3.7,10,9,65,15,15,625,30,28,742,2006.0,2131.0,臺南市,2019,1
1.638,1079174,98.14,3.7,11,10,50,15,15,443,28,26,597,1617.0,1611.0,臺南市,2019,2
1.627,1079174,97.52,3.7,9,9,63,15,16,906,31,28,875,1945.0,2089.0,臺南市,2019,3
1.622,1079174,98.25,3.7,10,9,63,16,17,936,31,29,863,1950.0,2063.0,臺南市,2019,4
1.622,1079174,98.39,3.7,10,10,78,16,15,947,31,29,907,2125.0,1995.0,臺南市,2019,5
1.621,1079174,98.71,3.7,11,11,78,16,16,746,32,29,743,1806.0,1729.0,臺南市,2019,6
1.619,1079174,98.6,3.7,10,9,71,16,16,844,32,30,800,2450.0,2209.0,臺南市,2019,7
1.624,1079174,98.58,3.7,11,9,58,16,16,635,30,29,691,2103.0,2273.0,臺南市,2019,8
1.615,1079174,98.73,3.7,10,10,64,16,16,870,32,29,750,2004.0,2062.0,臺南市,2019,9
1.615,1079174,98.75,3.7,11,10,93,16,16,964,32,31,821,1471.0,1399.0,臺南市,2019,10
1.617,1079174,98.35,3.7,10,9,66,17,17,901,34,32,918,1256.0,1359.0,臺南市,2019,11
1.608,1079174,98.41,3.7,10,10,73,16,16,997,32,31,946,1374.0,1224.0,臺南市,2019,12
1.617,1086475,99.0,3.8,11,10,51,17,17,619,34,31,594,1893.0,1499.0,臺南市,2020,1
1.611,1086475,97.94,3.8,10,10,65,16,16,762,33,31,770,1885.0,1903.0,臺南市,2020,2
1.593,1086475,97.5,3.8,11,10,83,17,17,854,32,30,851,1954.0,1985.0,臺南市,2020,3
1.381,1086475,97.3,3.8,10,10,78,17,17,662,31,30,647,1534.0,1818.0,臺南市,2020,4
1.349,1086475,97.2,3.8,11,10,75,17,17,965,33,31,846,1633.0,1591.0,臺南市,2020,5
1.359,1086475,97.98,3.8,11,11,107,17,17,1081,33,32,921,1571.0,1732.0,臺南市,2020,6
1.359,1086475,98.1,3.8,12,11,104,18,18,1318,38,32,965,2001.0,2051.0,臺南市,2020,7
1.359,1086475,98.25,3.8,11,11,73,19,18,1133,37,35,1030,1944.0,2099.0,臺南市,2020,8
1.359,1086475,98.16,3.8,12,11,110,18,18,1237,36,35,994,1905.0,2035.0,臺南市,2020,9
1.367,1086475,98.49,3.8,12,11,93,19,18,1184,36,34,1130,1421.0,1373.0,臺南市,2020,10
1.361,1086475,98.44,3.8,11,11,84,18,18,1177,36,33,1065,1460.0,1452.0,臺南市,2020,11
1.356,1086475,98.45,3.8,11,12,74,17,17,895,36,33,1081,1718.0,1632.0,臺南市,2020,12
1.362,1120580,98.81,3.9,13,12,78,18,18,761,37,33,878,1535.0,1621.0,臺南市,2021,1
1.367,1120580,99.29,3.9,12,10,57,19,18,550,38,37,668,1435.0,1547.0,臺南市,2021,2
1.357,1120580,98.69,3.9,13,12,124,19,18,848,36,33,1047,1938.0,2091.0,臺南市,2021,3
1.357,1120580,99.35,3.9,13,12,90,19,18,794,37,35,951,1697.0,1949.0,臺南市,2021,4
1.35,1120580,99.58,3.9,13,13,65,19,18,756,36,33,832,1354.0,1557.0,臺南市,2021,5
1.353,1120580,99.77,3.9,13,12,57,19,19,539,36,32,635,1470.0,1617.0,臺南市,2021,6
1.349,1120580,99.97,3.9,12,11,76,18,18,580,36,32,711,1885.0,2134.0,臺南市,2021,7
1.349,1120580,100.55,3.9,12,12,77,20,20,834,38,34,761,2028.0,2348.0,臺南市,2021,8
1.346,1120580,100.71,3.9,15,13,86,21,20,914,39,35,899,1977.0,1949.0,臺南市,2021,9
1.351,1120580,101.0,3.9,15,14,103,20,20,744,39,34,920,1526.0,1488.0,臺南市,2021,10
1.351,1120580,101.24,3.9,13,13,89,20,20,836,38,34,815,1584.0,1693.0,臺南市,2021,11
1.355,1120580,101.04,3.9,14,14,94,22,21,930,38,33,826,1710.0,1705.0,臺南市,2021,12
1.359,1143699,101.61,3.6,14,14,65,21,21,566,40,35,689,1707.0,1864.0,臺南市,2022,1
1.367,1143699,101.6,3.6,15,14,52,20,20,428,39,35,504,1414.0,1622.0,臺南市,2022,2
1.378,1143699,101.92,3.6,15,14,69,21,21,752,42,39,863,2031.0,2260.0,臺南市,2022,3
1.561,1143699,102.7,3.6,15,14,79,21,21,551,41,38,719,1869.0,2088.0,臺南市,2022,4
1.601,1143699,102.96,3.6,15,15,90,22,22,551,39,36,625,1637.0,1853.0,臺南市,2022,5
1.614,1143699,103.35,3.6,15,15,64,22,21,431,39,37,501,1570.0,1843.0,臺南市,2022,6
1.703,1143699,103.32,3.7,15,15,56,22,21,482,37,33,488,1989.0,2114.0,臺南市,2022,7
1.729,1143699,103.24,3.7,16,16,46,23,23,479,40,34,493,1786.0,2089.0,臺南市,2022,8
1.731,1143699,103.49,3.7,15,15,63,23,23,529,39,34,528,1848.0,1877.0,臺南市,2022,9
1.827,1143699,103.77,3.7,15,15,77,24,22,459,41,39,503,1190.0,1240.0,臺南市,2022,10
1.851,1143699,103.62,3.7,15,14,66,22,21,391,38,35,432,1305.0,1336.0,臺南市,2022,11
1.864,1143699,103.78,3.7,15,14,53,23,22,499,40,36,528,1615.0,1832.0,臺南市,2022,12
1.953,1177168,104.71,3.5,16,14,47,23,21,335,44,39,351,1302.0,1597.0,臺南市,2023,1
1.98,1177168,104.06,3.5,13,13,78,22,21,543,38,35,549,1746.0,2127.0,臺南市,2023,2
1.985,1177168,104.32,3.5,16,16,67,24,23,642,41,38,656,1869.0,2325.0,臺南市,2023,3
2.08,1177168,105.11,3.5,16,15,66,25,23,593,43,39,526,1351.0,1761.0,臺南市,2023,4
2.101,1177168,105.04,3.5,16,15,60,24,23,494,39,36,538,1794.0,2230.0,臺南市,2023,5
2.098,1177168,105.16,3.5,16,15,48,25,24,499,46,43,472,1596.0,1849.0,臺南市,2023,6
2.098,1177168,105.26,3.4,14,13,41,24,23,365,43,41,384,1691.0,1903.0,臺南市,2023,7
2.091,1177168,105.85,3.4,17,16,48,24,23,420,45,41,419,1986.0,2487.0,臺南市,2023,8
2.076,1177168,106.52,3.4,15,15,46,24,24,526,42,38,386,1713.0,1952.0,臺南市,2023,9
2.077,1177168,106.92,3.4,16,15,46,25,23,550,45,44,491,1231.0,1385.0,臺南市,2023,10
2.071,1177168,106.62,3.4,15,14,53,25,26,606,45,40,517,1390.0,1527.0,臺南市,2023,11
2.079,1177168,106.58,3.4,16,15,59,25,25,602,44,40,568,1317.0,1566.0,臺南市,2023,12
1.963,1327963,94.18,4.1,13,11,240,18,17,1118,34,29,373,,,桃園市,2014,1
1.97,1327963,93.81,4.1,13,11,138,18,18,1300,30,26,341,,,桃園市,2014,2
1.967,1327963,93.99,4.1,13,12,309,18,17,2040,32,28,620,,,桃園市,2014,3
1.956,1327963,94.62,4.1,13,12,325,19,18,1826,33,28,699,,,桃園市,2014,4
1.961,1327963,94.76,4.1,12,11,266,18,17,2207,32,28,654,,,桃園市,2014,5
1.956,1327963,95.25,4.1,12,12,265,19,17,1419,34,28,577,,,桃園市,2014,6
1.958,1327963,95.22,4.0,13,11,224,19,18,1259,33,28,518,,,桃園市,2014,7
1.963,1327963,95.64,4.0,13,12,221,18,18,1292,31,28,479,,,桃園市,2014,8
1.972,1327963,95.59,4.0,13,12,238,18,17,1472,32,27,496,,,桃園市,2014,9
1.977,1327963,95.66,4.0,13,12,257,18,18,1601,33,29,579,,,桃園市,2014,10
1.959,1327963,94.78,4.0,13,12,227,19,18,1692,32,27,490,,,桃園市,2014,11
1.962,1327963,94.46,4.0,13,12,265,19,18,1580,33,27,642,,,桃園市,2014,12
1.985,1307158,93.3,3.8,12,12,153,18,18,948,35,30,432,2767.0,5159.0,桃園市,2015,1
1.984,1307158,93.62,3.8,13,12,97,18,17,607,30,24,265,2279.0,5909.0,桃園市,2015,2
1.99,1307158,93.41,3.8,13,12,209,18,18,1095,33,28,479,3140.0,9210.0,桃園市,2015,3
1.986,1307158,93.84,3.8,14,13,199,22,18,1408,33,29,537,2799.0,6941.0,桃園市,2015,4
1.981,1307158,94.07,3.8,12,12,203,18,18,1359,33,28,560,2990.0,6400.0,桃園市,2015,5
1.983,1307158,94.72,3.8,12,12,191,18,17,1143,34,29,474,2918.0,5759.0,桃園市,2015,6
1.976,1307158,94.62,4.0,13,12,164,18,18,1138,34,29,469,3169.0,5961.0,桃園市,2015,7
1.974,1307158,95.21,4.0,13,12,167,18,17,926,33,27,405,3050.0,5460.0,桃園市,2015,8
1.964,1307158,95.87,4.0,12,11,128,18,17,1138,31,27,354,2629.0,5060.0,桃園市,2015,9
1.911,1307158,95.95,4.0,12,11,169,18,17,1101,34,32,477,2189.0,4128.0,桃園市,2015,10
1.906,1307158,95.29,4.0,12,11,146,18,17,1936,33,25,536,2100.0,3805.0,桃園市,2015,11
1.895,1307158,94.58,4.0,13,12,226,19,18,1408,32,27,620,2173.0,4075.0,桃園市,2015,12
1.852,1317790,94.05,4.0,11,10,91,18,17,746,34,31,297,2366.0,4345.0,桃園市,2016,1
1.835,1317790,95.88,4.0,12,11,61,19,17,485,34,30,188,2115.0,3811.0,桃園市,2016,2
1.816,1317790,95.29,4.0,13,12,150,16,14,1745,36,31,438,2810.0,5208.0,桃園市,2016,3
1.74,1317790,95.6,4.0,13,12,170,18,17,1326,33,29,438,2478.0,4380.0,桃園市,2016,4
1.731,1317790,95.23,4.0,12,11,170,17,15,2184,36,31,477,2956.0,5681.0,桃園市,2016,5
1.724,1317790,95.57,4.0,13,12,145,18,17,1474,36,30,431,2646.0,4935.0,桃園市,2016,6
1.695,1317790,95.79,4.1,12,11,169,18,17,1483,35,31,430,2722.0,5750.0,桃園市,2016,7
1.684,1317790,95.75,4.1,13,12,124,18,17,1211,33,29,382,3151.0,6456.0,桃園市,2016,8
1.669,1317790,96.19,4.1,13,12,125,18,17,1473,46,29,381,2673.0,5410.0,桃園市,2016,9
1.661,1317790,97.58,4.1,13,12,161,17,17,1540,33,29,438,2203.0,4626.0,桃園市,2016,10
1.678,1317790,97.17,4.1,13,12,161,18,17,1493,33,29,407,2300.0,4701.0,桃園市,2016,11
1.659,1317790,96.18,4.1,12,11,157,17,17,1327,32,28,494,2329.0,4569.0,桃園市,2016,12
1.674,1337361,96.16,3.9,12,11,99,18,17,846,37,34,294,2008.0,3912.0,桃園市,2017,1
1.668,1337361,95.82,3.9,11,10,102,18,17,1089,32,29,303,2433.0,4503.0,桃園市,2017,2
1.665,1337361,95.46,3.9,14,12,152,18,17,1489,33,29,558,2847.0,5448.0,桃園市,2017,3
1.666,1337361,95.69,3.9,13,12,146,18,17,1483,35,31,483,2325.0,4476.0,桃園市,2017,4
1.655,1337361,95.8,3.9,13,11,159,18,17,1408,36,31,489,2772.0,5518.0,桃園市,2017,5
1.647,1337361,96.53,3.9,13,11,134,18,17,1480,34,31,520,2655.0,5511.0,桃園市,2017,6
1.642,1337361,96.53,3.8,11,11,157,18,17,1388,35,30,517,2579.0,5126.0,桃園市,2017,7
1.638,1337361,96.67,3.8,13,11,180,18,17,1262,33,28,462,3339.0,6121.0,桃園市,2017,8
1.633,1337361,96.66,3.8,13,12,169,18,17,1153,34,31,427,2654.0,5332.0,桃園市,2017,9
1.627,1337361,97.26,3.8,12,11,174,18,18,1343,33,29,515,2142.0,3953.0,桃園市,2017,10
1.63,1337361,97.5,3.8,12,12,140,18,17,1517,35,30,457,2308.0,4401.0,桃園市,2017,11
1.632,1337361,97.35,3.8,12,11,145,18,17,1428,35,32,522,2262.0,4408.0,桃園市,2017,12
1.635,1378732,97.02,3.8,13,11,176,18,17,1366,35,30,505,2590.0,4678.0,桃園市,2018,1
1.633,1378732,97.93,3.8,13,13,67,19,18,736,36,32,256,2207.0,3637.0,桃園市,2018,2
1.628,1378732,96.98,3.8,13,12,204,19,18,1447,33,30,504,3511.0,5887.0,桃園市,2018,3
1.629,1378732,97.61,3.8,13,13,142,19,18,1497,37,34,550,2991.0,4831.0,桃園市,2018,4
1.627,1378732,97.48,3.8,13,12,171,19,18,1574,34,30,493,3810.0,6129.0,桃園市,2018,5
1.624,1378732,97.88,3.8,12,11,154,20,20,1773,35,31,421,2806.0,4672.0,桃園市,2018,6
1.62,1378732,98.22,3.9,12,12,133,19,18,1732,32,29,526,3255.0,5455.0,桃園市,2018,7
1.626,1378732,98.16,3.9,12,12,143,19,18,1659,35,31,440,3260.0,5552.0,桃園市,2018,8
1.62,1378732,98.32,3.9,13,12,161,20,19,1565,35,32,416,2711.0,4222.0,桃園市,2018,9
1.627,1378732,98.39,3.9,13,12,165,19,18,1791,35,32,429,2239.0,3318.0,桃園市,2018,10
1.626,1378732,97.78,3.9,13,12,140,19,18,1529,37,31,415,2267.0,3292.0,桃園市,2018,11
1.617,1378732,97.29,3.9,12,12,151,19,18,1524,34,30,459,2857.0,4818.0,桃園市,2018,12
1.629,1392199,97.19,3.8,13,12,141,20,19,1544,35,32,452,3122.0,4812.0,桃園市,2019,1
1.638,1392199,98.14,3.8,14,13,103,19,19,1014,33,31,250,2390.0,3659.0,桃園市,2019,2
1.627,1392199,97.52,3.8,13,13,201,20,19,2233,35,30,446,2901.0,4593.0,桃園市,2019,3
1.622,1392199,98.25,3.8,12,12,179,20,19,2006,36,32,533,3158.0,4964.0,桃園市,2019,4
1.622,1392199,98.39,3.8,13,12,170,19,19,2141,35,33,513,3609.0,4715.0,桃園市,2019,5
1.621,1392199,98.71,3.8,13,12,197,20,20,2178,35,31,481,2811.0,4345.0,桃園市,2019,6
1.619,1392199,98.6,3.8,14,12,191,20,20,2118,36,32,534,3610.0,5539.0,桃園市,2019,7
1.624,1392199,98.58,3.8,12,12,168,20,20,1849,36,34,456,3707.0,5156.0,桃園市,2019,8
1.615,1392199,98.73,3.8,13,12,179,20,19,2098,38,35,511,3136.0,4615.0,桃園市,2019,9
1.615,1392199,98.75,3.8,13,12,187,20,21,2391,37,33,536,2419.0,3731.0,桃園市,2019,10
1.617,1392199,98.35,3.8,13,12,177,20,20,2309,37,34,532,2241.0,3195.0,桃園市,2019,11
1.608,1392199,98.41,3.8,13,12,177,21,21,1954,37,33,494,2305.0,3163.0,桃園市,2019,12
1.617,1424027,99.0,4.0,14,13,136,20,20,1479,37,32,359,2764.0,3887.0,桃園市,2020,1
1.611,1424027,97.94,4.0,14,13,129,21,20,1700,37,33,436,3410.0,4755.0,桃園市,2020,2
1.593,1424027,97.5,4.0,13,13,179,20,20,2297,36,33,550,3377.0,4484.0,桃園市,2020,3
1.381,1424027,97.3,4.0,14,13,168,21,21,2010,37,33,487,3199.0,4344.0,桃園市,2020,4
1.349,1424027,97.2,4.0,13,13,212,21,20,2414,39,35,608,3362.0,3982.0,桃園市,2020,5
1.359,1424027,97.98,4.0,14,13,219,22,21,2607,40,37,680,2962.0,3933.0,桃園市,2020,6
1.359,1424027,98.1,4.0,14,13,210,22,22,2744,38,36,706,3486.0,5187.0,桃園市,2020,7
1.359,1424027,98.25,4.0,16,13,199,23,22,2736,37,33,625,3514.0,5499.0,桃園市,2020,8
1.359,1424027,98.16,4.0,15,13,217,23,22,2648,37,34,584,3455.0,4941.0,桃園市,2020,9
1.367,1424027,98.49,4.0,16,13,222,23,22,2672,41,36,682,2497.0,3501.0,桃園市,2020,10
1.361,1424027,98.44,4.0,16,14,241,23,22,2628,39,37,685,2782.0,3489.0,桃園市,2020,11
1.356,1424027,98.45,4.0,18,14,219,23,22,2488,40,37,642,2981.0,3853.0,桃園市,2020,12
1.362,1448909,98.81,4.0,15,13,196,22,22,2068,38,34,600,2804.0,3514.0,桃園市,2021,1
1.367,1448909,99.29,4.0,15,14,90,23,22,1356,36,33,396,2628.0,3420.0,桃園市,2021,2
1.357,1448909,98.69,4.0,15,13,224,23,22,2509,38,34,799,3741.0,4973.0,桃園市,2021,3
1.357,1448909,99.35,4.0,15,14,214,24,23,2709,39,35,728,3916.0,4524.0,桃園市,2021,4
1.35,1448909,99.58,4.0,15,15,190,24,22,2020,37,32,587,2863.0,3327.0,桃園市,2021,5
1.353,1448909,99.77,4.0,15,13,116,23,22,1256,38,35,436,2364.0,3318.0,桃園市,2021,6
1.349,1448909,99.97,4.0,14,13,164,23,22,1720,38,35,578,3281.0,4616.0,桃園市,2021,7
1.349,1448909,100.55,4.0,16,15,198,24,23,2316,38,36,619,3878.0,5208.0,桃園市,2021,8
1.346,1448909,100.71,4.0,16,14,232,24,24,2628,38,33,731,3731.0,4603.0,桃園市,2021,9
1.351,1448909,101.0,4.0,16,15,232,25,23,2765,41,38,806,2923.0,3496.0,桃園市,2021,10
1.351,1448909,101.24,4.0,16,15,253,26,24,2750,41,37,775,3183.0,3846.0,桃園市,2021,11
1.355,1448909,101.04,4.0,16,15,228,26,25,2571,40,35,695,3391.0,4141.0,桃園市,2021,12
1.359,1449549,101.61,3.7,17,16,201,26,24,1881,40,36,504,3535.0,4099.0,桃園市,2022,1
1.367,1449549,101.6,3.7,16,14,137,25,24,1401,42,38,393,3074.0,3357.0,桃園市,2022,2
1.378,1449549,101.92,3.7,18,16,256,26,24,2433,42,38,759,4594.0,4915.0,桃園市,2022,3
1.561,1449549,102.7,3.7,17,16,229,26,25,1958,41,38,573,3676.0,4408.0,桃園市,2022,4
1.601,1449549,102.96,3.7,18,18,197,27,26,1595,43,38,456,3461.0,4014.0,桃園市,2022,5
1.614,1449549,103.35,3.7,19,17,170,26,25,1384,43,39,461,3334.0,4360.0,桃園市,2022,6
1.703,1449549,103.32,3.7,18,17,164,27,26,1570,41,37,501,3646.0,5054.0,桃園市,2022,7
1.729,1449549,103.24,3.7,17,16,187,27,25,1387,42,38,438,3590.0,5013.0,桃園市,2022,8
1.731,1449549,103.49,3.7,18,17,189,27,26,1538,44,41,503,3247.0,4405.0,桃園市,2022,9
1.827,1449549,103.77,3.7,18,16,199,26,25,1507,44,40,456,2328.0,2942.0,桃園市,2022,10
1.851,1449549,103.62,3.7,17,17,164,26,25,1355,41,37,449,2627.0,3147.0,桃園市,2022,11
1.864,1449549,103.78,3.7,18,17,178,26,25,1303,44,39,488,3107.0,4443.0,桃園市,2022,12
1.953,1490814,104.71,3.5,18,17,103,27,25,831,47,43,308,2544.0,3940.0,桃園市,2023,1
1.98,1490814,104.06,3.5,19,17,147,26,25,1285,45,40,396,3386.0,4898.0,桃園市,2023,2
1.985,1490814,104.32,3.5,18,16,245,27,26,1799,43,41,586,3898.0,5106.0,桃園市,2023,3
2.08,1490814,105.11,3.5,18,16,185,28,27,1676,44,40,442,2765.0,3763.0,桃園市,2023,4
2.101,1490814,105.04,3.5,20,18,142,28,27,1568,45,42,432,3382.0,4476.0,桃園市,2023,5
2.098,1490814,105.16,3.5,18,17,175,29,28,1669,48,40,383,3205.0,4442.0,桃園市,2023,6
2.098,1490814,105.26,3.5,20,18,133,29,28,1283,46,42,324,3258.0,4555.0,桃園市,2023,7
2.091,1490814,105.85,3.5,19,19,152,29,28,1653,46,42,384,3686.0,5450.0,桃園市,2023,8
2.076,1490814,106.52,3.5,21,18,128,30,30,1525,47,43,366,3427.0,4451.0,桃園市,2023,9
2.077,1490814,106.92,3.5,20,18,175,30,30,1678,49,47,458,2540.0,3277.0,桃園市,2023,10
2.071,1490814,106.62,3.5,19,19,170,31,30,1589,49,45,438,2486.0,3355.0,桃園市,2023,11
2.079,1490814,106.58,3.5,20,19,181,30,29,1615,47,41,534,2341.0,3043.0,桃園市,2023,12
1.963,1112287,94.18,4.0,10,9,212,14,12,954,34,29,501,3238.0,2860.0,高雄市,2014,1
1.97,1112287,93.81,4.0,10,9,230,16,15,849,33,29,596,3238.0,2860.0,高雄市,2014,2
1.967,1112287,93.99,4.0,10,9,338,15,15,1304,34,31,900,3238.0,2860.0,高雄市,2014,3
1.956,1112287,94.62,4.0,11,10,319,16,15,1337,35,31,907,3238.0,2860.0,高雄市,2014,4
1.961,1112287,94.76,4.0,11,10,297,16,15,1268,34,33,900,3238.0,2860.0,高雄市,2014,5
1.956,1112287,95.25,4.0,11,9,257,16,16,1409,33,31,772,3238.0,2860.0,高雄市,2014,6
1.958,1112287,95.22,3.9,11,10,271,16,15,1111,32,29,704,3238.0,2860.0,高雄市,2014,7
1.963,1112287,95.64,3.9,10,10,164,16,16,985,33,30,507,3238.0,2860.0,高雄市,2014,8
1.972,1112287,95.59,3.9,10,9,229,16,15,1003,34,32,667,3238.0,2860.0,高雄市,2014,9
1.977,1112287,95.66,3.9,11,10,230,16,16,1170,33,29,745,3238.0,2860.0,高雄市,2014,10
1.959,1112287,94.78,3.9,11,10,253,15,15,1159,34,32,741,3238.0,2860.0,高雄市,2014,11
1.962,1112287,94.46,3.7,11,10,327,17,16,1645,34,30,852,3238.0,2860.0,高雄市,2014,12
1.985,1145895,93.3,3.7,11,10,190,15,15,774,33,29,544,3035.0,2919.0,高雄市,2015,1
1.984,1145895,93.62,3.7,10,9,145,15,15,600,35,32,396,2481.0,2338.0,高雄市,2015,2
1.99,1145895,93.41,3.7,11,10,283,16,15,1114,35,32,728,3725.0,3262.0,高雄市,2015,3
1.986,1145895,93.84,3.7,11,10,262,16,15,1033,36,32,697,3147.0,2878.0,高雄市,2015,4
1.981,1145895,94.07,3.7,10,10,220,16,15,1054,35,31,675,3165.0,2966.0,高雄市,2015,5
1.983,1145895,94.72,3.7,11,10,206,16,15,1008,34,30,708,3091.0,2992.0,高雄市,2015,6
1.976,1145895,94.62,3.9,11,10,209,17,16,1107,34,30,676,3534.0,3288.0,高雄市,2015,7
1.974,1145895,95.21,3.9,10,9,198,16,15,907,34,32,560,3463.0,3081.0,高雄市,2015,8
1.964,1145895,95.87,3.9,11,10,174,16,15,903,34,30,574,2878.0,2595.0,高雄市,2015,9
1.911,1145895,95.95,3.9,11,10,190,16,15,948,32,29,678,2428.0,2204.0,高雄市,2015,10
1.906,1145895,95.29,3.9,11,10,241,17,15,1387,34,30,709,2318.0,2067.0,高雄市,2015,11
1.895,1145895,94.58,3.9,11,10,251,16,15,1601,34,31,866,2400.0,2224.0,高雄市,2015,12
1.852,1166824,94.05,4.0,11,9,155,15,14,664,39,30,382,2786.0,2461.0,高雄市,2016,1
1.835,1166824,95.88,4.0,11,10,101,16,15,450,36,32,316,2414.0,2390.0,高雄市,2016,2
1.816,1166824,95.29,4.0,11,10,182,17,15,854,34,31,585,3323.0,3405.0,高雄市,2016,3
1.74,1166824,95.6,4.0,11,10,177,17,15,1159,33,30,662,2853.0,2661.0,高雄市,2016,4
1.731,1166824,95.23,4.0,10,10,228,17,16,1196,34,31,658,3113.0,2767.0,高雄市,2016,5
1.724,1166824,95.57,4.0,11,10,187,17,17,1255,33,31,610,2581.0,2733.0,高雄市,2016,6
1.695,1166824,95.79,4.0,10,10,175,17,16,1166,37,34,647,2997.0,2869.0,高雄市,2016,7
1.684,1166824,95.75,4.0,11,10,180,17,16,984,34,30,563,3345.0,3389.0,高雄市,2016,8
1.669,1166824,96.19,4.0,11,10,167,17,16,886,35,31,610,2789.0,2752.0,高雄市,2016,9
1.661,1166824,97.58,4.0,10,9,219,16,16,1212,34,30,707,2449.0,2155.0,高雄市,2016,10
1.678,1166824,97.17,4.0,11,10,211,17,16,1200,34,30,720,2561.0,2370.0,高雄市,2016,11
1.659,1166824,96.18,4.0,11,10,222,17,16,1310,34,30,741,2785.0,2761.0,高雄市,2016,12
1.674,1186204,96.16,3.8,11,10,135,17,16,756,35,31,444,2443.0,2211.0,高雄市,2017,1
1.668,1186204,95.82,3.8,10,10,144,17,17,939,34,30,528,2779.0,2712.0,高雄市,2017,2
1.665,1186204,95.46,3.8,11,10,251,17,16,1404,33,29,748,3423.0,3289.0,高雄市,2017,3
1.666,1186204,95.69,3.8,11,10,216,17,17,1257,34,30,688,2658.0,2731.0,高雄市,2017,4
1.655,1186204,95.8,3.8,11,10,221,17,17,1216,34,31,650,3011.0,2689.0,高雄市,2017,5
1.647,1186204,96.53,3.8,11,10,236,17,17,1376,34,31,699,2966.0,2574.0,高雄市,2017,6
1.642,1186204,96.53,3.8,11,10,193,17,16,1189,35,33,639,2846.0,2882.0,高雄市,2017,7
1.638,1186204,96.67,3.8,11,10,204,17,17,1168,34,32,669,3617.0,3553.0,高雄市,2017,8
1.633,1186204,96.66,3.8,11,10,173,18,18,1133,35,32,561,2926.0,2575.0,高雄市,2017,9
1.627,1186204,97.26,3.8,12,10,194,18,18,1236,35,32,587,2314.0,2079.0,高雄市,2017,10
1.63,1186204,97.5,3.8,11,11,238,17,16,1402,37,36,726,2412.0,2183.0,高雄市,2017,11
1.632,1186204,97.35,3.8,12,11,216,17,16,1348,36,34,752,2561.0,2263.0,高雄市,2017,12
1.635,1219246,97.02,3.7,11,10,195,17,17,1332,38,37,700,2844.0,2660.0,高雄市,2018,1
1.633,1219246,97.93,3.7,12,10,137,18,18,863,38,36,406,2188.0,2039.0,高雄市,2018,2
1.628,1219246,96.98,3.7,12,11,253,17,16,1401,37,35,788,3791.0,3504.0,高雄市,2018,3
1.629,1219246,97.61,3.7,12,11,238,17,16,1345,37,34,726,3082.0,2789.0,高雄市,2018,4
1.627,1219246,97.48,3.7,12,11,232,16,15,1516,35,34,724,3786.0,2923.0,高雄市,2018,5
1.624,1219246,97.88,3.7,11,10,225,17,16,1360,36,32,602,2752.0,2475.0,高雄市,2018,6
1.62,1219246,98.22,3.8,12,10,216,17,16,1357,37,33,717,3430.0,3053.0,高雄市,2018,7
1.626,1219246,98.16,3.8,12,11,179,18,17,1294,37,35,560,3365.0,3049.0,高雄市,2018,8
1.62,1219246,98.32,3.8,11,10,169,18,17,1253,37,36,593,2483.0,2349.0,高雄市,2018,9
1.627,1219246,98.39,3.8,11,10,233,18,18,1490,37,33,704,2012.0,1824.0,高雄市,2018,10
1.626,1219246,97.78,3.8,11,10,207,17,16,1198,36,33,609,1968.0,1958.0,高雄市,2018,11
1.617,1219246,97.29,3.8,12,11,262,18,17,1870,36,32,758,2726.0,2854.0,高雄市,2018,12
1.629,1224668,97.19,3.7,12,11,240,18,17,1626,40,37,716,3015.0,3107.0,高雄市,2019,1
1.638,1224668,98.14,3.7,12,10,181,17,17,1256,39,34,501,2212.0,2523.0,高雄市,2019,2
1.627,1224668,97.52,3.7,12,11,275,18,18,2061,39,35,849,2888.0,3003.0,高雄市,2019,3
1.622,1224668,98.25,3.7,12,11,282,19,18,1916,38,36,858,2986.0,3172.0,高雄市,2019,4
1.622,1224668,98.39,3.7,12,12,284,18,18,1699,39,34,752,3058.0,2945.0,高雄市,2019,5
1.621,1224668,98.71,3.7,12,11,226,18,17,1553,39,35,632,2586.0,2764.0,高雄市,2019,6
1.619,1224668,98.6,3.7,12,11,234,19,18,1758,41,37,735,3363.0,3800.0,高雄市,2019,7
1.624,1224668,98.58,3.7,12,11,239,18,17,1497,41,37,613,3256.0,3474.0,高雄市,2019,8
1.615,1224668,98.73,3.7,13,12,236,19,18,1717,37,33,762,3117.0,2852.0,高雄市,2019,9
1.615,1224668,98.75,3.7,13,11,278,19,18,1705,39,36,746,2120.0,2053.0,高雄市,2019,10
1.617,1224668,98.35,3.7,13,11,269,19,18,1670,40,36,731,2087.0,1918.0,高雄市,2019,11
1.608,1224668,98.41,3.7,13,12,253,18,18,1698,42,37,765,1986.0,1884.0,高雄市,2019,12
1.617,1224100,99.0,3.8,12,12,190,19,18,1276,42,40,528,2287.0,3756.0,高雄市,2020,1
1.611,1224100,97.94,3.8,13,12,231,19,18,1446,41,37,690,2673.0,2969.0,高雄市,2020,2
1.593,1224100,97.5,3.8,13,12,252,19,17,1501,39,37,801,2673.0,3104.0,高雄市,2020,3
1.381,1224100,97.3,3.8,12,11,229,19,18,1377,41,38,662,2247.0,2244.0,高雄市,2020,4
1.349,1224100,97.2,3.8,12,12,240,19,19,1875,39,35,807,2180.0,2305.0,高雄市,2020,5
1.359,1224100,97.98,3.8,13,12,269,20,19,2027,40,37,849,2911.0,2344.0,高雄市,2020,6
1.359,1224100,98.1,3.8,13,12,292,19,18,2249,43,40,879,3339.0,2779.0,高雄市,2020,7
1.359,1224100,98.25,3.8,13,12,238,19,18,1931,44,42,773,3423.0,2815.0,高雄市,2020,8
1.359,1224100,98.16,3.8,12,12,265,20,18,1976,43,40,855,3406.0,2587.0,高雄市,2020,9
1.367,1224100,98.49,3.8,13,12,289,21,19,2130,42,39,1004,2249.0,1923.0,高雄市,2020,10
1.361,1224100,98.44,3.8,14,13,270,19,18,2116,42,39,937,2403.0,2038.0,高雄市,2020,11
1.356,1224100,98.45,3.8,14,12,257,19,18,1797,43,40,924,2717.0,2226.0,高雄市,2020,12
1.362,1231562,98.81,4.0,15,12,225,20,19,1939,42,40,769,2488.0,2308.0,高雄市,2021,1
1.367,1231562,99.29,4.0,14,13,184,20,19,1360,43,40,527,2405.0,2297.0,高雄市,2021,2
1.357,1231562,98.69,4.0,14,13,340,20,19,2054,45,41,1008,3105.0,3084.0,高雄市,2021,3
1.357,1231562,99.35,4.0,14,13,270,20,19,1756,44,40,895,2794.0,2752.0,高雄市,2021,4
1.35,1231562,99.58,4.0,15,13,265,19,19,1367,45,42,755,2291.0,2237.0,高雄市,2021,5
1.353,1231562,99.77,4.0,14,12,169,19,19,1093,44,40,550,2173.0,2148.0,高雄市,2021,6
1.349,1231562,99.97,3.9,14,13,264,20,19,1474,47,43,804,2869.0,2790.0,高雄市,2021,7
1.349,1231562,100.55,3.9,14,13,230,21,20,1915,44,41,740,3047.0,2986.0,高雄市,2021,8
1.346,1231562,100.71,3.9,14,13,322,22,21,2971,49,46,1014,2860.0,2693.0,高雄市,2021,9
1.351,1231562,101.0,3.9,15,14,323,22,22,2634,49,47,984,2415.0,2059.0,高雄市,2021,10
1.351,1231562,101.24,3.9,15,13,344,22,22,2141,49,44,1000,2706.0,2218.0,高雄市,2021,11
1.355,1231562,101.04,3.9,15,14,367,23,23,1887,49,44,939,2681.0,2403.0,高雄市,2021,12
1.359,1263068,101.61,3.7,14,14,280,23,23,1492,49,45,652,2833.0,2539.0,高雄市,2022,1
1.367,1263068,101.6,3.7,16,15,237,23,23,1168,46,41,604,2510.0,2195.0,高雄市,2022,2
1.378,1263068,101.92,3.7,16,14,364,23,23,1525,47,41,785,3575.0,3316.0,高雄市,2022,3
1.561,1263068,102.7,3.7,16,15,285,24,24,1394,48,42,726,3151.0,2803.0,高雄市,2022,4
1.601,1263068,102.96,3.7,16,15,245,24,23,1160,47,43,612,2943.0,2448.0,高雄市,2022,5
1.614,1263068,103.35,3.7,16,15,224,23,22,1028,53,45,594,2740.0,2447.0,高雄市,2022,6
1.703,1263068,103.32,3.6,16,15,236,23,22,1106,52,47,562,3209.0,2844.0,高雄市,2022,7
1.729,1263068,103.24,3.6,17,16,206,23,23,919,48,44,501,2998.0,2664.0,高雄市,2022,8
1.731,1263068,103.49,3.6,17,16,239,23,23,1063,47,41,564,2773.0,2571.0,高雄市,2022,9
1.827,1263068,103.77,3.6,17,15,233,24,23,929,48,43,624,1855.0,1691.0,高雄市,2022,10
1.851,1263068,103.62,3.6,16,15,218,23,22,844,45,40,474,2048.0,1996.0,高雄市,2022,11
1.864,1263068,103.78,3.6,17,16,195,23,22,900,46,39,610,2765.0,2679.0,高雄市,2022,12
1.953,1325786,104.71,3.4,17,16,167,23,23,796,49,42,430,2110.0,2153.0,高雄市,2023,1
1.98,1325786,104.06,3.4,17,15,247,23,23,1120,48,43,650,2954.0,2943.0,高雄市,2023,2
1.985,1325786,104.32,3.4,17,16,284,24,23,1320,48,44,674,3212.0,3191.0,高雄市,2023,3
2.08,1325786,105.11,3.4,18,16,242,24,24,1171,49,41,590,2308.0,2360.0,高雄市,2023,4
2.101,1325786,105.04,3.4,17,15,222,24,24,1087,48,42,524,3063.0,2619.0,高雄市,2023,5
2.098,1325786,105.16,3.4,18,16,166,25,24,977,56,47,487,2696.0,2488.0,高雄市,2023,6
2.098,1325786,105.26,3.4,16,15,122,25,25,735,50,48,398,2744.0,2674.0,高雄市,2023,7
2.091,1325786,105.85,3.4,17,15,158,25,25,1036,55,49,473,3381.0,3107.0,高雄市,2023,8
2.076,1325786,106.52,3.4,18,16,196,26,25,995,51,48,437,2917.0,2407.0,高雄市,2023,9
2.077,1325786,106.92,3.4,17,15,208,26,26,1274,53,52,553,2099.0,2032.0,高雄市,2023,10
2.071,1325786,106.62,3.4,17,16,255,26,26,1320,51,47,638,2260.0,2114.0,高雄市,2023,11
2.079,1325786,106.58,3.4,18,16,231,26,26,1500,54,48,684,2183.0,2048.0,高雄市,2023,12
1.963,1146991,94.18,4.0,24,17,1970,30,24,3658,55,48,112,8519.0,7844.0,新北市,2014,1
1.97,1146991,93.81,4.0,24,17,1723,29,23,3854,59,50,86,8519.0,7844.0,新北市,2014,2
1.967,1146991,93.99,4.0,25,18,3056,30,24,6208,60,49,152,8519.0,7844.0,新北市,2014,3
1.956,1146991,94.62,4.0,26,20,3041,31,24,6507,52,46,173,8519.0,7844.0,新北市,2014,4
1.961,1146991,94.76,4.0,25,18,2551,31,25,5774,58,50,141,8519.0,7844.0,新北市,2014,5
1.956,1146991,95.25,4.0,25,18,2378,30,24,5529,55,44,142,8519.0,7844.0,新北市,2014,6
1.958,1146991,95.22,3.9,25,18,2403,30,24,5277,53,47,133,8519.0,7844.0,新北市,2014,7
1.963,1146991,95.64,3.9,25,19,1998,30,25,4648,43,41,98,8519.0,7844.0,新北市,2014,8
1.972,1146991,95.59,3.9,25,19,2323,30,25,5104,54,49,126,8519.0,7844.0,新北市,2014,9
1.977,1146991,95.66,3.9,25,19,2474,30,24,5428,46,39,141,8519.0,7844.0,新北市,2014,10
1.959,1146991,94.78,3.9,26,20,2335,30,24,5082,48,42,133,8519.0,7844.0,新北市,2014,11
1.962,1146991,94.46,3.9,26,20,2991,31,26,7187,50,43,179,8519.0,7844.0,新北市,2014,12
1.985,1171978,93.3,3.6,26,19,1648,24,18,6993,49,43,100,7998.0,7017.0,新北市,2015,1
1.984,1171978,93.62,3.6,25,18,1091,25,19,4784,50,49,76,7252.0,5688.0,新北市,2015,2
1.99,1171978,93.41,3.6,25,18,2088,24,18,8876,59,51,101,11298.0,8283.0,新北市,2015,3
1.986,1171978,93.84,3.6,24,18,2113,26,20,8573,48,48,105,9433.0,7635.0,新北市,2015,4
1.981,1171978,94.07,3.6,25,18,2074,25,19,7982,53,50,110,9312.0,9004.0,新北市,2015,5
1.983,1171978,94.72,3.6,25,19,2005,26,19,8012,49,46,111,8797.0,7638.0,新北市,2015,6
1.976,1171978,94.62,3.8,25,19,1974,24,19,8025,53,49,114,9019.0,8658.0,新北市,2015,7
1.974,1171978,95.21,3.8,25,19,1732,24,18,7301,51,46,87,8667.0,8139.0,新北市,2015,8
1.964,1171978,95.87,3.8,25,18,1573,25,19,6578,44,41,113,8103.0,8004.0,新北市,2015,9
1.911,1171978,95.95,3.8,26,21,2119,24,19,7634,53,45,119,6623.0,6194.0,新北市,2015,10
1.906,1171978,95.29,3.8,27,22,2309,24,18,10310,54,51,163,6075.0,5475.0,新北市,2015,11
1.895,1171978,94.58,3.8,26,21,2560,24,18,10738,51,47,165,6653.0,5644.0,新北市,2015,12
1.852,1223867,94.05,3.9,25,18,1337,23,18,4989,46,45,65,6781.0,6249.0,新北市,2016,1
1.835,1223867,95.88,3.9,25,20,778,24,19,3199,60,44,55,6040.0,5721.0,新北市,2016,2
1.816,1223867,95.29,3.9,23,18,1626,23,18,7800,47,42,107,9135.0,7620.0,新北市,2016,3
1.74,1223867,95.6,3.9,26,21,1801,24,19,8580,52,52,104,7491.0,6735.0,新北市,2016,4
1.731,1223867,95.23,3.9,25,20,1965,24,19,9770,48,48,117,8983.0,9027.0,新北市,2016,5
1.724,1223867,95.57,3.9,26,21,1799,24,19,8512,45,40,129,7958.0,6929.0,新北市,2016,6
1.695,1223867,95.79,4.0,25,20,1830,24,19,8959,47,39,103,8267.0,7898.0,新北市,2016,7
1.684,1223867,95.75,4.0,25,21,1597,25,20,7706,53,47,102,9135.0,9007.0,新北市,2016,8
1.669,1223867,96.19,4.0,24,19,1596,24,19,7843,49,50,96,7828.0,7681.0,新北市,2016,9
1.661,1223867,97.58,4.0,24,19,1833,23,18,8701,57,47,98,6680.0,6513.0,新北市,2016,10
1.678,1223867,97.17,4.0,25,20,1865,24,19,8169,46,43,121,6691.0,7087.0,新北市,2016,11
1.659,1223867,96.18,4.0,24,19,2067,24,19,10013,55,47,167,7012.0,6829.0,新北市,2016,12
1.674,1265798,96.16,3.8,25,21,1276,23,18,6277,55,48,76,5862.0,5592.0,新北市,2017,1
1.668,1265798,95.82,3.8,25,21,1216,24,19,6289,62,47,81,6822.0,6688.0,新北市,2017,2
1.665,1265798,95.46,3.8,25,20,2037,24,19,9484,51,51,117,8820.0,8062.0,新北市,2017,3
1.666,1265798,95.69,3.8,25,21,1921,24,19,9467,69,41,125,6777.0,6721.0,新北市,2017,4
1.655,1265798,95.8,3.8,25,20,1957,24,18,9978,70,44,108,8510.0,8949.0,新北市,2017,5
1.647,1265798,96.53,3.8,25,21,1819,25,20,10021,49,41,127,8137.0,7648.0,新北市,2017,6
1.642,1265798,96.53,3.7,25,21,1877,25,20,9224,46,34,101,7381.0,8010.0,新北市,2017,7
1.638,1265798,96.67,3.7,25,20,1893,24,19,9258,53,38,112,9049.0,9063.0,新北市,2017,8
1.633,1265798,96.66,3.7,24,20,1726,25,20,8707,59,43,98,7934.0,7790.0,新北市,2017,9
1.627,1265798,97.26,3.7,25,21,1873,25,20,9856,54,49,94,6164.0,5590.0,新北市,2017,10
1.63,1265798,97.5,3.7,25,20,2036,24,19,10996,61,43,176,6510.0,6176.0,新北市,2017,11
1.632,1265798,97.35,3.7,26,22,2010,25,20,10882,66,50,139,6967.0,6376.0,新北市,2017,12
1.635,1292753,97.02,3.7,27,22,1885,25,20,9662,49,48,128,7399.0,6671.0,新北市,2018,1
1.633,1292753,97.93,3.7,26,22,975,25,20,5913,56,49,53,5478.0,5425.0,新北市,2018,2
1.628,1292753,96.98,3.7,25,19,2092,25,20,11295,47,46,114,10213.0,9400.0,新北市,2018,3
1.629,1292753,97.61,3.7,26,21,1969,35,19,10700,55,46,125,8125.0,7368.0,新北市,2018,4
1.627,1292753,97.48,3.7,27,21,2167,25,20,11394,43,36,137,10107.0,10770.0,新北市,2018,5
1.624,1292753,97.88,3.7,27,22,2003,25,20,10783,48,42,105,7345.0,7189.0,新北市,2018,6
1.62,1292753,98.22,3.8,26,22,1881,25,20,10750,57,53,109,8376.0,8817.0,新北市,2018,7
1.626,1292753,98.16,3.8,26,21,1755,25,21,10322,53,45,145,7839.0,8826.0,新北市,2018,8
1.62,1292753,98.32,3.8,26,20,1739,25,21,10042,54,51,105,6387.0,7288.0,新北市,2018,9
1.627,1292753,98.39,3.8,26,23,1953,25,21,11008,49,44,109,5410.0,5479.0,新北市,2018,10
1.626,1292753,97.78,3.8,27,24,1797,25,21,10198,46,39,129,5368.0,5933.0,新北市,2018,11
1.617,1292753,97.29,3.8,26,22,2126,25,21,11068,56,47,114,7495.0,8413.0,新北市,2018,12
1.629,1319841,97.19,3.8,26,22,1975,25,20,10735,51,50,139,7550.0,8311.0,新北市,2019,1
1.638,1319841,98.14,3.8,25,19,1221,25,20,7305,50,46,75,5838.0,6833.0,新北市,2019,2
1.627,1319841,97.52,3.8,26,22,2363,25,21,13633,44,43,122,7771.0,8227.0,新北市,2019,3
1.622,1319841,98.25,3.8,26,21,2244,26,21,13165,51,46,127,7362.0,8190.0,新北市,2019,4
1.622,1319841,98.39,3.8,26,22,2229,26,21,13151,51,47,124,8059.0,10808.0,新北市,2019,5
1.621,1319841,98.71,3.8,26,21,2102,26,21,12756,52,51,103,6681.0,7552.0,新北市,2019,6
1.619,1319841,98.6,3.8,26,23,2287,26,21,12933,49,46,129,8348.0,10886.0,新北市,2019,7
1.624,1319841,98.58,3.8,26,22,1897,26,21,11106,51,48,120,7665.0,10056.0,新北市,2019,8
1.615,1319841,98.73,3.8,25,22,2046,26,22,13028,52,48,114,7169.0,9375.0,新北市,2019,9
1.615,1319841,98.75,3.8,26,21,2304,27,22,13883,49,46,119,5901.0,6729.0,新北市,2019,10
1.617,1319841,98.35,3.8,27,22,2318,26,22,13407,55,43,116,5016.0,6189.0,新北市,2019,11
1.608,1319841,98.41,3.8,27,23,2341,27,22,13131,58,53,129,4938.0,6075.0,新北市,2019,12
1.617,1352548,99.0,3.9,26,21,1550,27,22,8957,59,55,90,5972.0,7167.0,新北市,2020,1
1.611,1352548,97.94,3.9,27,23,1847,26,22,10891,50,46,87,7081.0,9223.0,新北市,2020,2
1.593,1352548,97.5,3.9,26,21,2192,26,22,12721,52,44,126,7331.0,8911.0,新北市,2020,3
1.381,1352548,97.3,3.9,26,22,2017,26,22,10702,48,46,107,6409.0,8092.0,新北市,2020,4
1.349,1352548,97.2,3.9,27,23,2372,27,22,14485,51,47,131,6896.0,9479.0,新北市,2020,5
1.359,1352548,97.98,3.9,27,22,2583,28,23,16504,48,44,150,6780.0,7414.0,新北市,2020,6
1.359,1352548,98.1,3.9,27,23,2656,28,23,17729,54,49,163,7945.0,9459.0,新北市,2020,7
1.359,1352548,98.25,3.9,28,24,2399,29,24,17238,59,50,156,7663.0,9410.0,新北市,2020,8
1.359,1352548,98.16,3.9,27,22,2457,29,24,16445,61,49,155,7652.0,9785.0,新北市,2020,9
1.367,1352548,98.49,3.9,28,23,2586,29,24,16830,55,47,168,5540.0,6496.0,新北市,2020,10
1.361,1352548,98.44,3.9,29,25,2681,28,23,16524,53,47,157,6070.0,7311.0,新北市,2020,11
1.356,1352548,98.45,3.9,29,25,2707,30,24,15023,54,51,168,6530.0,7398.0,新北市,2020,12
1.362,1381603,98.81,4.0,29,24,2335,30,24,13455,62,62,159,6023.0,6904.0,新北市,2021,1
1.367,1381603,99.29,4.0,29,24,1550,30,24,9676,52,46,106,5626.0,6676.0,新北市,2021,2
1.357,1381603,98.69,4.0,29,24,3028,30,24,16152,53,51,186,8028.0,9164.0,新北市,2021,3
1.357,1381603,99.35,4.0,30,25,2689,30,24,15662,54,48,181,7329.0,8661.0,新北市,2021,4
1.35,1381603,99.58,4.0,29,23,2205,29,24,11753,56,47,142,5531.0,6619.0,新北市,2021,5
1.353,1381603,99.77,4.0,28,22,1466,28,23,7626,44,40,102,5407.0,5690.0,新北市,2021,6
1.349,1381603,99.97,4.1,28,23,2216,29,23,10893,54,49,132,6864.0,8103.0,新北市,2021,7
1.349,1381603,100.55,4.1,30,25,2369,30,25,14466,52,47,172,7793.0,9663.0,新北市,2021,8
1.346,1381603,100.71,4.1,29,24,2621,30,25,17069,60,56,185,7599.0,10000.0,新北市,2021,9
1.351,1381603,101.0,4.1,30,26,2882,32,26,17053,59,56,189,5751.0,7169.0,新北市,2021,10
1.351,1381603,101.24,4.1,30,25,2869,31,26,15935,55,54,190,6453.0,7398.0,新北市,2021,11
1.355,1381603,101.04,4.1,29,24,2815,32,26,14216,56,50,189,7037.0,8019.0,新北市,2021,12
1.359,1421385,101.61,3.7,29,24,2188,32,27,10753,66,53,135,7018.0,8157.0,新北市,2022,1
1.367,1421385,101.6,3.7,29,25,1688,32,27,8450,58,58,84,5718.0,6564.0,新北市,2022,2
1.378,1421385,101.92,3.7,29,25,2848,33,27,13458,62,52,184,8920.0,9432.0,新北市,2022,3
1.561,1421385,102.7,3.7,30,25,2474,33,28,10937,55,51,143,7459.0,7551.0,新北市,2022,4
1.601,1421385,102.96,3.7,30,24,1950,33,28,9164,55,51,126,7025.0,7335.0,新北市,2022,5
1.614,1421385,103.35,3.7,31,26,2009,34,27,8240,60,59,107,7449.0,7427.0,新北市,2022,6
1.703,1421385,103.32,3.8,31,26,2067,33,28,8789,60,55,132,8197.0,8729.0,新北市,2022,7
1.729,1421385,103.24,3.8,30,26,1843,33,28,7597,70,55,119,7751.0,8489.0,新北市,2022,8
1.731,1421385,103.49,3.8,30,25,1969,33,28,8260,57,54,115,7078.0,8057.0,新北市,2022,9
1.827,1421385,103.77,3.8,30,25,2019,33,28,7788,62,57,101,5030.0,4702.0,新北市,2022,10
1.851,1421385,103.62,3.8,32,26,1958,33,27,6993,60,49,128,5450.0,5601.0,新北市,2022,11
1.864,1421385,103.78,3.8,31,27,2010,33,27,7550,66,65,161,7134.0,8367.0,新北市,2022,12
1.953,1440893,104.71,3.5,29,24,1277,32,27,5210,65,57,70,5658.0,5879.0,新北市,2023,1
1.98,1440893,104.06,3.5,31,27,2149,32,27,7664,57,50,103,7463.0,8113.0,新北市,2023,2
1.985,1440893,104.32,3.5,33,28,2640,34,28,9750,63,58,167,8371.0,8591.0,新北市,2023,3
2.08,1440893,105.11,3.5,33,29,2322,35,29,9245,63,58,138,5916.0,5981.0,新北市,2023,4
2.101,1440893,105.04,3.5,34,29,2035,34,29,8265,62,57,121,8098.0,8776.0,新北市,2023,5
2.098,1440893,105.16,3.5,32,28,1704,36,30,7917,58,54,103,7292.0,7601.0,新北市,2023,6
2.098,1440893,105.26,3.5,33,28,1334,35,30,6203,67,54,89,7485.0,8277.0,新北市,2023,7
2.091,1440893,105.85,3.5,33,29,1780,36,30,8081,58,52,117,8231.0,8996.0,新北市,2023,8
2.076,1440893,106.52,3.5,33,31,1720,36,31,7798,71,69,101,7534.0,8850.0,新北市,2023,9
2.077,1440893,106.92,3.5,34,30,2044,36,31,8956,67,55,107,5661.0,5935.0,新北市,2023,10
2.071,1440893,106.62,3.5,33,27,2068,36,30,8884,63,56,130,5840.0,5958.0,新北市,2023,11
2.079,1440893,106.58,3.5,35,32,2314,36,31,9557,63,54,147,5363.0,5537.0,新北市,2023,12
