城市,日期,殘差,異常
臺中市,2014-01-01,0.017999983914136198,FALSE
臺中市,2014-02-01,1.1946657166594177e-5,FALSE
臺中市,2014-03-01,0.861686184763381,FALSE
臺中市,2014-04-01,-0.3110927670235782,FALSE
臺中市,2014-05-01,-0.23649339607838074,FALSE
臺中市,2014-06-01,-0.18865740926522606,FALSE
臺中市,2014-07-01,-0.15509933680487342,FALSE
臺中市,2014-08-01,-1.106431024798019,FALSE
臺中市,2014-09-01,1.0228255850661443,FALSE
臺中市,2014-10-01,-0.10721550918215976,FALSE
臺中市,2014-11-01,-0.09284083291941864,FALSE
臺中市,2014-12-01,-0.08084528610507197,FALSE
臺中市,2015-01-01,-0.07069907439068364,FALSE
臺中市,2015-02-01,-0.06202703793457581,FALSE
臺中市,2015-03-01,-0.05455462044170283,FALSE
臺中市,2015-04-01,-0.04807502084040233,FALSE
臺中市,2015-05-01,0.9552102132869059,FALSE
臺中市,2015-06-01,-0.15414698307506636,FALSE
臺中市,2015-07-01,-0.13632459645009146,FALSE
臺中市,2015-08-01,-0.1206486128719884,FALSE
臺中市,2015-09-01,-0.10683470815860506,FALSE
臺中市,2015-10-01,-0.09464377955848176,FALSE
臺中市,2015-11-01,-0.08387269997378854,FALSE
臺中市,2015-12-01,0.925216362523874,FALSE
臺中市,2016-01-01,-0.17934198322911934,FALSE
臺中市,2016-02-01,0.8406954426089159,FALSE
臺中市,2016-03-01,0.745598305463202,FALSE
臺中市,2016-04-01,1.6611590273164094,FALSE
臺中市,2016-05-01,0.4736555975563679,FALSE
臺中市,2016-06-01,0.4201808944536558,FALSE
臺中市,2016-07-01,-0.6271563937366114,FALSE
臺中市,2016-08-01,-0.5564015696113717,FALSE
臺中市,2016-09-01,-0.4936445094487214,FALSE
臺中市,2016-10-01,-0.43797657175772275,FALSE
臺中市,2016-11-01,-0.3885937365686568,FALSE
臺中市,2016-12-01,-0.3447841429930029,FALSE
臺中市,2017-01-01,-2.3058783971475383,FALSE
臺中市,2017-02-01,0.9539941583148688,FALSE
臺中市,2017-03-01,0.8464662654404157,FALSE
臺中市,2017-04-01,0.7510625684669318,FALSE
臺中市,2017-05-01,1.6664072398283025,FALSE
臺中市,2017-06-01,0.4786074299802839,FALSE
臺中市,2017-07-01,0.4246691209964887,FALSE
臺中市,2017-08-01,1.3768067754282498,FALSE
臺中市,2017-09-01,2.221644813514533,FALSE
臺中市,2017-10-01,-0.028715973530497617,FALSE
臺中市,2017-11-01,0.9745183301129986,FALSE
臺中市,2017-12-01,-0.13530063098575904,FALSE
臺中市,2018-01-01,-0.12005342163682556,FALSE
臺中市,2018-02-01,0.8934746353990323,FALSE
臺中市,2018-03-01,-0.207210781792694,FALSE
臺中市,2018-04-01,56.81610920231073,TRUE
臺中市,2018-05-01,-6.586472505732657,FALSE
臺中市,2018-06-01,-5.844244288757148,FALSE
臺中市,2018-07-01,-4.185658711836428,FALSE
臺中市,2018-08-01,-3.71397876998245,FALSE
臺中市,2018-09-01,-4.295452388360854,FALSE
臺中市,2018-10-01,-1.8114007833782881,FALSE
臺中市,2018-11-01,-2.6072751529993874,FALSE
臺中市,2018-12-01,-1.3134632707779565,FALSE
臺中市,2019-01-01,-2.165450021734864,FALSE
臺中市,2019-02-01,-1.9214271479816818,FALSE
臺中市,2019-03-01,-1.7049030620142935,FALSE
臺中市,2019-04-01,-1.5127789301186672,FALSE
臺中市,2019-05-01,-0.3423051533136489,FALSE
臺中市,2019-06-01,-0.303731073495509,FALSE
臺中市,2019-07-01,0.7304961083689797,FALSE
臺中市,2019-08-01,0.6481771269020314,FALSE
臺中市,2019-09-01,1.5751345950555902,FALSE
臺中市,2019-10-01,0.3976340465614241,FALSE
臺中市,2019-11-01,0.35282501086031287,FALSE
臺中市,2019-12-01,1.3130654628757898,FALSE
臺中市,2020-01-01,1.1650972608910741,FALSE
臺中市,2020-02-01,0.03380347111637117,FALSE
臺中市,2020-03-01,0.029994187525517066,FALSE
臺中市,2020-04-01,-0.9733858294713013,FALSE
臺中市,2020-05-01,0.1363041651924004,FALSE
臺中市,2020-06-01,0.1209441683564502,FALSE
臺中市,2020-07-01,1.1073150753043512,FALSE
臺中市,2020-08-01,0.982532711499643,FALSE
臺中市,2020-09-01,0.8718119630145472,FALSE
臺中市,2020-10-01,1.7735682382344184,FALSE
臺中市,2020-11-01,1.5737063915701617,FALSE
臺中市,2020-12-01,3.396366800533169,FALSE
臺中市,2021-01-01,3.0136332103764727,FALSE
臺中市,2021-02-01,1.6740295325810808,FALSE
臺中市,2021-03-01,0.4853846160091714,FALSE
臺中市,2021-04-01,0.43068705026893506,FALSE
臺中市,2021-05-01,0.3821533051526303,FALSE
臺中市,2021-06-01,2.339088785002777,FALSE
臺中市,2021-07-01,2.0754989260431578,FALSE
臺中市,2021-08-01,2.841612776580687,FALSE
臺中市,2021-09-01,2.5213939308680478,FALSE
臺中市,2021-10-01,2.237260265404375,FALSE
臺中市,2021-11-01,1.9851453729368436,FALSE
臺中市,2021-12-01,2.7614410860610703,FALSE
臺中市,2022-01-01,2.450256717775333,FALSE
臺中市,2022-02-01,1.1741394423970146,FALSE
臺中市,2022-03-01,3.0418267008662556,FALSE
臺中市,2022-04-01,1.6990459241886178,FALSE
臺中市,2022-05-01,4.507581932707566,FALSE
臺中市,2022-06-01,0.9996264876039045,FALSE
臺中市,2022-07-01,0.8869794575482699,FALSE
臺中市,2022-08-01,1.7870265222736417,FALSE
臺中市,2022-09-01,1.5856480745660597,FALSE
臺中市,2022-10-01,1.4069627870873265,FALSE
臺中市,2022-11-01,-0.7515866124361463,FALSE
臺中市,2022-12-01,0.3331090221500827,FALSE
臺中市,2023-01-01,0.2955712593017813,FALSE
臺中市,2023-02-01,-0.7377364060524385,FALSE
臺中市,2023-03-01,0.3453984609528184,FALSE
臺中市,2023-04-01,1.3064758120501978,FALSE
臺中市,2023-05-01,0.15925020139936255,FALSE
臺中市,2023-06-01,1.1413044362108204,FALSE
臺中市,2023-07-01,1.01269184269027,FALSE
臺中市,2023-08-01,3.8985724892614355,FALSE
臺中市,2023-09-01,0.45924578293965945,FALSE
臺中市,2023-10-01,1.4074937794134577,FALSE
臺中市,2023-11-01,1.2488845428322868,FALSE
臺中市,2023-12-01,1.108148841677602,FALSE
臺北市,2014-01-01,0.059869734137040005,FALSE
臺北市,2014-02-01,4.68931544145058,TRUE
臺北市,2014-03-01,0.5328900581324957,FALSE
臺北市,2014-04-01,-5.419553529812253,TRUE
臺北市,2014-05-01,4.931185047851885,TRUE
臺北市,2014-06-01,0.2685471058745356,FALSE
臺北市,2014-07-01,-1.868046462582904,FALSE
臺北市,2014-08-01,-0.4183851886258388,FALSE
臺北市,2014-09-01,0.5559738174083644,FALSE
臺北市,2014-10-01,-0.7141268158921766,FALSE
臺北市,2014-11-01,1.3200678289814325,FALSE
臺北市,2014-12-01,-0.19877912175112578,FALSE
臺北市,2015-01-01,1.4177828109077315,FALSE
臺北市,2015-02-01,-0.48644086263186304,FALSE
臺北市,2015-03-01,1.2572878940448755,FALSE
臺北市,2015-04-01,-1.8702638206219566,FALSE
臺北市,2015-05-01,1.4963593535108495,FALSE
臺北市,2015-06-01,-0.42002154550100584,FALSE
臺北市,2015-07-01,-1.6059481557235211,FALSE
臺北市,2015-08-01,-4.025301356663862,FALSE
臺北市,2015-09-01,-1.7792372392967704,FALSE
臺北市,2015-10-01,-2.4163158919060472,FALSE
臺北市,2015-11-01,-4.465478248232939,TRUE
臺北市,2015-12-01,-1.3197468179644773,FALSE
臺北市,2016-01-01,-0.2876948615289838,FALSE
臺北市,2016-02-01,1.0559602130426693,FALSE
臺北市,2016-03-01,1.249575400375977,FALSE
臺北市,2016-04-01,-5.9556188329068105,TRUE
臺北市,2016-05-01,0.8397475179725262,FALSE
臺北市,2016-06-01,0.10905514399674185,FALSE
臺北市,2016-07-01,0.3714897824805671,FALSE
臺北市,2016-08-01,1.6474134688216489,FALSE
臺北市,2016-09-01,-3.1599289211472086,FALSE
臺北市,2016-10-01,-2.078432885252808,FALSE
臺北市,2016-11-01,2.749956162917389,FALSE
臺北市,2016-12-01,0.1567790793028801,FALSE
臺北市,2017-01-01,-1.4934343491032074,FALSE
臺北市,2017-02-01,-0.3775380444152835,FALSE
臺北市,2017-03-01,1.1461468224191793,FALSE
臺北市,2017-04-01,-1.50958453275377,FALSE
臺北市,2017-05-01,0.9632475586970476,FALSE
臺北市,2017-06-01,-0.2972865405808575,FALSE
臺北市,2017-07-01,-0.06460595270119364,FALSE
臺北市,2017-08-01,1.748338872354613,FALSE
臺北市,2017-09-01,-1.506664171059075,FALSE
臺北市,2017-10-01,-0.880376801807494,FALSE
臺北市,2017-11-01,-13.553054224418181,TRUE
臺北市,2017-12-01,4.092847411138301,FALSE
臺北市,2018-01-01,3.5687085480194747,FALSE
臺北市,2018-02-01,2.563001080261475,FALSE
臺北市,2018-03-01,-0.2143554211536246,FALSE
臺北市,2018-04-01,4.540684397499945,TRUE
臺北市,2018-05-01,0.40439967770491303,FALSE
臺北市,2018-06-01,-0.6742504958331483,FALSE
臺北市,2018-07-01,-0.5639205028434813,FALSE
臺北市,2018-08-01,0.10338334558069627,FALSE
臺北市,2018-09-01,0.7748586567393748,FALSE
臺北市,2018-10-01,0.4135583015968373,FALSE
臺北市,2018-11-01,0.783239748668413,FALSE
臺北市,2018-12-01,1.0707050979029047,FALSE
臺北市,2019-01-01,-1.0588856089173848,FALSE
臺北市,2019-02-01,0.25958696869845616,FALSE
臺北市,2019-03-01,-0.5900048981327108,FALSE
臺北市,2019-04-01,1.2318577037405367,FALSE
臺北市,2019-05-01,0.14878676978192115,FALSE
臺北市,2019-06-01,-0.8466710475860211,FALSE
臺北市,2019-07-01,0.31977532883944804,FALSE
臺北市,2019-08-01,0.9445076617889399,FALSE
臺北市,2019-09-01,2.018069221375768,FALSE
臺北市,2019-10-01,1.2521507390492772,FALSE
臺北市,2019-11-01,2.414918779141793,FALSE
臺北市,2019-12-01,-2.9936514787302784,FALSE
臺北市,2020-01-01,-1.539398857253424,FALSE
臺北市,2020-02-01,-1.3095754812545053,FALSE
臺北市,2020-03-01,-0.5023949147199716,FALSE
臺北市,2020-04-01,-1.100153455757372,FALSE
臺北市,2020-05-01,0.3938300117103424,FALSE
臺北市,2020-06-01,1.318619865615048,FALSE
臺北市,2020-07-01,1.8633041246313056,FALSE
臺北市,2020-08-01,2.9856760784356453,FALSE
臺北市,2020-09-01,0.98779644527702,FALSE
臺北市,2020-10-01,1.5571928750111041,FALSE
臺北市,2020-11-01,-1.9597588823012728,FALSE
臺北市,2020-12-01,0.7310353457174656,FALSE
臺北市,2021-01-01,0.9570324582021499,FALSE
臺北市,2021-02-01,-0.7085967272749087,FALSE
臺北市,2021-03-01,1.4129116680187437,FALSE
臺北市,2021-04-01,0.5989110020016213,FALSE
臺北市,2021-05-01,0.3778333384574992,FALSE
臺北市,2021-06-01,0.4737462443478577,FALSE
臺北市,2021-07-01,0.048366854274753734,FALSE
臺北市,2021-08-01,0.8443907735347835,FALSE
臺北市,2021-09-01,2.1324638367365836,FALSE
臺北市,2021-10-01,3.412272592936013,FALSE
臺北市,2021-11-01,0.5167530482030074,FALSE
臺北市,2021-12-01,0.6504111998328526,FALSE
臺北市,2022-01-01,4.0845756638350394,FALSE
臺北市,2022-02-01,0.5631289433047755,FALSE
臺北市,2022-03-01,0.43665535888979434,FALSE
臺北市,2022-04-01,0.18542741535321738,FALSE
臺北市,2022-05-01,-0.22907344460591617,FALSE
臺北市,2022-06-01,1.4913300844769566,FALSE
臺北市,2022-07-01,-2.3481928170380044,FALSE
臺北市,2022-08-01,-3.100175658502451,FALSE
臺北市,2022-09-01,-0.7893436948936667,FALSE
臺北市,2022-10-01,0.27932339775027515,FALSE
臺北市,2022-11-01,-0.5965394034047193,FALSE
臺北市,2022-12-01,-1.0015777029296302,FALSE
臺北市,2023-01-01,-0.4528815785463536,FALSE
臺北市,2023-02-01,-0.3354774212630076,FALSE
臺北市,2023-03-01,0.17451845500028895,FALSE
臺北市,2023-04-01,2.008606182143069,FALSE
臺北市,2023-05-01,0.24576756200622185,FALSE
臺北市,2023-06-01,3.222583131813579,FALSE
臺北市,2023-07-01,-0.1842342846403966,FALSE
臺北市,2023-08-01,0.43861742061324094,FALSE
臺北市,2023-09-01,-0.22036699504203483,FALSE
臺北市,2023-10-01,0.3351231503227794,FALSE
臺北市,2023-11-01,-1.4759419955012731,FALSE
臺北市,2023-12-01,-0.10469167059000029,FALSE
臺南市,2014-01-01,0.011885610005261732,FALSE
臺南市,2014-02-01,-0.8980407008155437,FALSE
臺南市,2014-03-01,-0.4724586738726406,FALSE
臺南市,2014-04-01,0.4554132995873203,FALSE
臺南市,2014-05-01,0.07390872338164765,FALSE
臺南市,2014-06-01,0.9628618075714999,FALSE
臺南市,2014-07-01,-0.4189447836730659,FALSE
臺南市,2014-08-01,-0.22453165460008778,FALSE
臺南市,2014-09-01,0.6512964490342484,FALSE
臺南市,2014-10-01,-0.725740446256006,FALSE
臺南市,2014-11-01,0.460038248635127,FALSE
臺南市,2014-12-01,0.07637405309478243,FALSE
臺南市,2015-01-01,-0.9822931932874731,FALSE
臺南市,2015-02-01,0.1640096890602947,FALSE
臺南市,2015-03-01,-0.1684029595630708,FALSE
臺南市,2015-04-01,-0.1661010308729785,FALSE
臺南市,2015-05-01,-0.22451293961183064,FALSE
臺南市,2015-06-01,-0.2142888244677837,FALSE
臺南市,2015-07-01,-0.31048172504708726,FALSE
臺南市,2015-08-01,-1.3125875827629199,TRUE
臺南市,2015-09-01,1.014165919076914,FALSE
臺南市,2015-10-01,0.398638188361422,FALSE
臺南市,2015-11-01,-0.5462660239725899,FALSE
臺南市,2015-12-01,-0.3211478299494684,FALSE
臺南市,2016-01-01,-0.41147607766888494,FALSE
臺南市,2016-02-01,-0.3983141351303165,FALSE
臺南市,2016-03-01,-0.4197119635153023,FALSE
臺南市,2016-04-01,-0.39653352299668054,FALSE
臺南市,2016-05-01,-0.3845404970811462,FALSE
臺南市,2016-06-01,0.660672093791793,FALSE
臺南市,2016-07-01,-0.6253333257130433,FALSE
臺南市,2016-08-01,-0.39386811446541736,FALSE
臺南市,2016-09-01,-0.2663402049911337,FALSE
臺南市,2016-10-01,-0.3164524485336538,FALSE
臺南市,2016-11-01,-0.3319208221471729,FALSE
臺南市,2016-12-01,1.688925242365169,TRUE
臺南市,2017-01-01,0.09828755027368738,FALSE
臺南市,2017-02-01,0.3162157024979301,FALSE
臺南市,2017-03-01,0.1843174873956795,FALSE
臺南市,2017-04-01,0.0430977381764805,FALSE
臺南市,2017-05-01,-0.1143702208326688,FALSE
臺南市,2017-06-01,-0.20456375449161557,FALSE
臺南市,2017-07-01,-0.4110230516505607,FALSE
臺南市,2017-08-01,0.47840659430429155,FALSE
臺南市,2017-09-01,0.16190863191145877,FALSE
臺南市,2017-10-01,0.04508401620223948,FALSE
臺南市,2017-11-01,-1.0730354561792435,FALSE
臺南市,2017-12-01,0.21581723873640674,FALSE
臺南市,2018-01-01,-0.2137407554813964,FALSE
臺南市,2018-02-01,-0.2406893478219996,FALSE
臺南市,2018-03-01,-0.28489384275224133,FALSE
臺南市,2018-04-01,-0.3162374514882004,FALSE
臺南市,2018-05-01,-0.34110979106803013,FALSE
臺南市,2018-06-01,-0.3310763186789588,FALSE
臺南市,2018-07-01,-0.36277981580890767,FALSE
臺南市,2018-08-01,-1.306106476009807,TRUE
臺南市,2018-09-01,0.00958577791862786,FALSE
臺南市,2018-10-01,-0.21743886588128525,FALSE
臺南市,2018-11-01,-0.20542634576643345,FALSE
臺南市,2018-12-01,-0.04540112025030463,FALSE
臺南市,2019-01-01,-0.05576268981646343,FALSE
臺南市,2019-02-01,-0.02895927634217324,FALSE
臺南市,2019-03-01,-0.029904286940014194,FALSE
臺南市,2019-04-01,0.9540175144542314,FALSE
臺南市,2019-05-01,0.6282199919993119,FALSE
臺南市,2019-06-01,0.5395658892922454,FALSE
臺南市,2019-07-01,0.3779292026705624,FALSE
臺南市,2019-08-01,0.16150922527853998,FALSE
臺南市,2019-09-01,0.028748527609913,FALSE
臺南市,2019-10-01,-0.1864201094897357,FALSE
臺南市,2019-11-01,0.6116259738173421,FALSE
臺南市,2019-12-01,-0.7917813571277245,FALSE
臺南市,2020-01-01,0.31526656937641945,FALSE
臺南市,2020-02-01,-1.0911601466258947,FALSE
臺南市,2020-03-01,0.0886174095941917,FALSE
臺南市,2020-04-01,-0.20263701989681732,FALSE
臺南市,2020-05-01,-0.2589134944492216,FALSE
臺南市,2020-06-01,-0.29040087234728246,FALSE
臺南市,2020-07-01,0.678300889452244,FALSE
臺南市,2020-08-01,1.3541877973030643,TRUE
臺南市,2020-09-01,0.022209925802675536,FALSE
臺南市,2020-10-01,1.1517738584305024,FALSE
臺南市,2020-11-01,-0.27375226033182887,FALSE
臺南市,2020-12-01,-1.2584393154366278,TRUE
臺南市,2021-01-01,-0.11323153040580458,FALSE
臺南市,2021-02-01,0.4165602119142126,FALSE
臺南市,2021-03-01,0.11295883231008444,FALSE
臺南市,2021-04-01,0.027194715326419042,FALSE
臺南市,2021-05-01,-0.08001583455865492,FALSE
臺南市,2021-06-01,-0.18209002323939985,FALSE
臺南市,2021-07-01,-1.2300001640823786,FALSE
臺南市,2021-08-01,1.0121923377087376,FALSE
臺南市,2021-09-01,1.357569835385371,TRUE
臺南市,2021-10-01,0.0661201446541659,FALSE
臺南市,2021-11-01,0.15613540657284905,FALSE
臺南市,2021-12-01,1.9265155523275759,TRUE
臺南市,2022-01-01,0.25143969772632424,FALSE
臺南市,2022-02-01,-0.7146673002477378,FALSE
臺南市,2022-03-01,0.3073342297398206,FALSE
臺南市,2022-04-01,-0.20059770860348192,FALSE
臺南市,2022-05-01,0.6023386017043525,FALSE
臺南市,2022-06-01,0.14709649406499203,FALSE
臺南市,2022-07-01,-0.059688087814562085,FALSE
臺南市,2022-08-01,0.8953939415274367,FALSE
臺南市,2022-09-01,0.44333254825993523,FALSE
臺南市,2022-10-01,1.2097892917987916,FALSE
臺南市,2022-11-01,-1.300262703960084,TRUE
臺南市,2022-12-01,0.10275254834875852,FALSE
臺南市,2023-01-01,-0.41706097636580713,FALSE
臺南市,2023-02-01,-1.5960550036139116,TRUE
臺南市,2023-03-01,0.6628203423144648,FALSE
臺南市,2023-04-01,1.0588393786836836,FALSE
臺南市,2023-05-01,-0.20919571076014565,FALSE
臺南市,2023-06-01,0.9704071852081997,FALSE
臺南市,2023-07-01,-0.4435324245794619,FALSE
臺南市,2023-08-01,-0.2085258158070363,FALSE
臺南市,2023-09-01,-0.36284693726038986,FALSE
臺南市,2023-10-01,0.5588237094324782,FALSE
臺南市,2023-11-01,0.06442083519155482,FALSE
臺南市,2023-12-01,0.07101734374783981,FALSE
桃園市,2014-01-01,0.017896900542497367,FALSE
桃園市,2014-02-01,-0.08989277614684096,FALSE
桃園市,2014-03-01,-0.14182713530309796,FALSE
桃園市,2014-04-01,0.8112646921556097,FALSE
桃園市,2014-05-01,-0.6506020640767654,FALSE
桃園市,2014-06-01,0.5325129988186981,FALSE
桃園市,2014-07-01,0.1953356012294924,FALSE
桃園市,2014-08-01,-0.9934123894560891,FALSE
桃園市,2014-09-01,-0.6604346934736042,FALSE
桃園市,2014-10-01,-0.4736561931150814,FALSE
桃園市,2014-11-01,0.6311331906122437,FALSE
桃園市,2014-12-01,0.251054813019089,FALSE
桃園市,2015-01-01,-0.9622146650459238,FALSE
桃園市,2015-02-01,-0.6430091082138157,FALSE
桃園市,2015-03-01,-0.46389542660672506,FALSE
桃園市,2015-04-01,3.6366094628825034,TRUE
桃園市,2015-05-01,-2.062499173434952,TRUE
桃園市,2015-06-01,-1.2604052935454266,FALSE
桃園市,2015-07-01,-0.8103312409860964,FALSE
桃園市,2015-08-01,-0.5577839281974059,FALSE
桃園市,2015-09-01,-0.41607359195762217,FALSE
桃園市,2015-10-01,-0.3365565335934841,FALSE
桃園市,2015-11-01,-0.2919376106537793,FALSE
桃園市,2015-12-01,0.7330991339815262,FALSE
桃園市,2016-01-01,-0.6917282367960574,FALSE
桃園市,2016-02-01,0.5087670534196251,FALSE
桃園市,2016-03-01,-2.8176063316748605,TRUE
桃園市,2016-04-01,0.31588601804483984,FALSE
桃園市,2016-05-01,-0.925836493007451,FALSE
桃園市,2016-06-01,0.37740331260489557,FALSE
桃園市,2016-07-01,0.10868233203949093,FALSE
桃園市,2016-08-01,-0.04210343610779077,FALSE
桃園市,2016-09-01,-0.12671293637058234,FALSE
桃園市,2016-10-01,-1.1741893502435854,FALSE
桃園市,2016-11-01,0.2380465855226621,FALSE
桃園市,2016-12-01,-0.9695140599778824,FALSE
桃園市,2017-01-01,0.35289478531169927,FALSE
桃園市,2017-02-01,0.09493001130038436,FALSE
桃園市,2017-03-01,-0.04982019213514555,FALSE
桃園市,2017-04-01,-0.13104299270909792,FALSE
桃園市,2017-05-01,-0.17661904840020348,FALSE
桃園市,2017-06-01,-0.20219286311331963,FALSE
桃園市,2017-07-01,-0.21654294209807112,FALSE
桃園市,2017-08-01,-0.22459511457130787,FALSE
桃園市,2017-09-01,-0.22911338109845758,FALSE
桃園市,2017-10-01,-0.23164868849260678,FALSE
桃園市,2017-11-01,-0.23307131009852355,FALSE
桃園市,2017-12-01,-0.2338695771009025,FALSE
桃園市,2018-01-01,-0.23431750380497363,FALSE
桃園市,2018-02-01,0.7654311538100522,FALSE
桃園市,2018-03-01,0.32641403268878477,FALSE
桃園市,2018-04-01,0.0800710277667438,FALSE
桃園市,2018-05-01,-0.058157923120248256,FALSE
桃園市,2018-06-01,0.8642785070541539,FALSE
桃園市,2018-07-01,-0.6181203536591777,FALSE
桃園市,2018-08-01,-0.44992980315957354,FALSE
桃園市,2018-09-01,0.6444459366834288,FALSE
桃園市,2018-10-01,-0.7414736657727179,FALSE
桃園市,2018-11-01,-0.5191462963467313,FALSE
桃園市,2018-12-01,-0.3943930928248971,FALSE
桃園市,2019-01-01,0.6756089129071956,FALSE
桃園市,2019-02-01,-0.7239873746101537,FALSE
桃園市,2019-03-01,0.49066567977603626,FALSE
桃園市,2019-04-01,0.17223655471367927,FALSE
桃園市,2019-05-01,-1.0064416419867381,FALSE
桃園市,2019-06-01,0.33217383599352246,FALSE
桃園市,2019-07-01,0.08330299113579365,FALSE
桃園市,2019-08-01,-0.05634439118760781,FALSE
桃園市,2019-09-01,-0.13470387681126716,FALSE
桃園市,2019-10-01,-0.17867325801302414,FALSE
桃園市,2019-11-01,-0.20334552924959404,FALSE
桃園市,2019-12-01,0.782810269369044,FALSE
桃園市,2020-01-01,-0.663834129982515,FALSE
桃園市,2020-02-01,0.5244191037872383,FALSE
桃園市,2020-03-01,-0.8088235919245879,FALSE
桃園市,2020-04-01,0.44306204954384754,FALSE
桃園市,2020-05-01,0.14552501943996532,FALSE
桃園市,2020-06-01,0.9785698768155306,FALSE
桃園市,2020-07-01,0.44601126697503446,FALSE
桃園市,2020-08-01,1.1471798958655413,FALSE
桃園市,2020-09-01,0.5406223806524633,FALSE
桃園市,2020-10-01,0.20026845419509165,FALSE
桃園市,2020-11-01,0.00928772714193471,FALSE
桃園市,2020-12-01,-0.09787612574906746,FALSE
桃園市,2021-01-01,-1.1580083262262804,FALSE
桃園市,2021-02-01,0.24712614503723884,FALSE
桃園市,2021-03-01,0.03558069798617147,FALSE
桃園市,2021-04-01,0.916877488938109,FALSE
桃園市,2021-05-01,0.41139419288069234,FALSE
桃園市,2021-06-01,-0.8722445722103966,FALSE
桃園市,2021-07-01,-0.5925249790868445,FALSE
桃園市,2021-08-01,0.5644323735777483,FALSE
桃園市,2021-09-01,0.2136288105962425,FALSE
桃園市,2021-10-01,1.0167845426061763,FALSE
桃園市,2021-11-01,1.4674544297813394,FALSE
桃園市,2021-12-01,0.7203360803899947,FALSE
桃園市,2022-01-01,0.3011101086297323,FALSE
桃園市,2022-02-01,-0.9341276091180895,FALSE
桃園市,2022-03-01,0.3727509690889157,FALSE
桃園市,2022-04-01,0.10607179084071205,FALSE
桃園市,2022-05-01,0.9564317267994387,FALSE
桃園市,2022-06-01,-0.5664109783908167,FALSE
桃園市,2022-07-01,0.579085563835033,FALSE
桃園市,2022-08-01,0.22185106605282812,FALSE
桃園市,2022-09-01,0.021398246762494466,FALSE
桃園市,2022-10-01,-1.0910806235898907,FALSE
桃園市,2022-11-01,-0.7153191205645477,FALSE
桃園市,2022-12-01,-0.5044703555941368,FALSE
桃園市,2023-01-01,0.6138419284786405,FALSE
桃園市,2023-02-01,-0.7586463066131763,FALSE
桃園市,2023-03-01,0.47121772422658736,FALSE
桃園市,2023-04-01,1.1613238417939549,FALSE
桃園市,2023-05-01,0.5485588869385118,FALSE
桃園市,2023-06-01,1.204721817658669,FALSE
桃園市,2023-07-01,0.5729105289763936,FALSE
桃園市,2023-08-01,0.2183861063294117,FALSE
桃園市,2023-09-01,1.0194539750037492,FALSE
桃園市,2023-10-01,0.4689523121340251,FALSE
桃園市,2023-11-01,1.1600526648957867,FALSE
桃園市,2023-12-01,-0.4521544008168341,FALSE
高雄市,2014-01-01,0.0139060330823351,FALSE
高雄市,2014-02-01,1.6795296577544085,TRUE
高雄市,2014-03-01,-0.29062916963830576,FALSE
高雄市,2014-04-01,0.7483936739800195,FALSE
高雄市,2014-05-01,0.3034269317329717,FALSE
高雄市,2014-06-01,0.0684109319501159,FALSE
高雄市,2014-07-01,-0.05726337458741877,FALSE
高雄市,2014-08-01,-0.12467159197454883,FALSE
高雄市,2014-09-01,-0.16084930165804026,FALSE
高雄市,2014-10-01,-0.18026631059996537,FALSE
高雄市,2014-11-01,-1.1906855453076313,FALSE
高雄市,2014-12-01,1.2671284214491385,FALSE
高雄市,2015-01-01,-1.4140253317464402,TRUE
高雄市,2015-02-01,-0.8527144986624332,FALSE
高雄市,2015-03-01,0.44848108124129477,FALSE
高雄市,2015-04-01,0.1466940202113866,FALSE
高雄市,2015-05-01,-0.01524292065713278,FALSE
高雄市,2015-06-01,-0.1021372131536132,FALSE
高雄市,2015-07-01,0.8512358834340313,FALSE
高雄市,2015-08-01,-0.6371904107950326,FALSE
高雄市,2015-09-01,-0.43587012786217355,FALSE
高雄市,2015-10-01,-0.32784299394832456,FALSE
高雄市,2015-11-01,0.7301236524919846,FALSE
高雄市,2015-12-01,-0.7021784338458135,FALSE
高雄市,2016-01-01,-1.4707422717358616,TRUE
高雄市,2016-02-01,0.11685144990504578,FALSE
高雄市,2016-03-01,0.9687437534585067,FALSE
高雄市,2016-04-01,0.4258635360333343,FALSE
高雄市,2016-05-01,0.1345575975732469,FALSE
高雄市,2016-06-01,-0.021755244667701845,FALSE
高雄市,2016-07-01,-0.10563168322781635,FALSE
高雄市,2016-08-01,-0.15063922608014302,FALSE
高雄市,2016-09-01,-0.17478997625955373,FALSE
高雄市,2016-10-01,-1.1877491092684824,FALSE
高雄市,2016-11-01,0.26870371146161354,FALSE
高雄市,2016-12-01,0.050226673889518736,FALSE
高雄市,2017-01-01,-0.06700666123508014,FALSE
高雄市,2017-02-01,-0.12991329443172006,FALSE
高雄市,2017-03-01,-0.16366857825035908,FALSE
高雄市,2017-04-01,-0.1817814405635474,FALSE
高雄市,2017-05-01,-0.19150068282911725,FALSE
高雄市,2017-06-01,-0.19671596402452174,FALSE
高雄市,2017-07-01,-0.19951444946236663,FALSE
高雄市,2017-08-01,-0.20101609826181388,FALSE
高雄市,2017-09-01,0.7981781269121413,FALSE
高雄市,2017-10-01,0.33433914756734673,FALSE
高雄市,2017-11-01,-0.9145537846770111,FALSE
高雄市,2017-12-01,-0.5847014820625045,FALSE
高雄市,2018-01-01,-0.4077049154495693,FALSE
高雄市,2018-02-01,0.6872702729740219,FALSE
高雄市,2018-03-01,-0.7251732742100998,FALSE
高雄市,2018-04-01,-0.48308115117391814,FALSE
高雄市,2018-05-01,-1.353176117188088,TRUE
高雄市,2018-06-01,0.17993667180556194,FALSE
高雄市,2018-07-01,0.0025948667959152516,FALSE
高雄市,2018-08-01,0.9074344257292566,FALSE
高雄市,2018-09-01,0.3929653557768624,FALSE
高雄市,2018-10-01,0.11690465136958039,FALSE
高雄市,2018-11-01,-1.0312276989870632,FALSE
高雄市,2018-12-01,0.35269206625446614,FALSE
高雄市,2019-01-01,0.09529427025302262,FALSE
高雄市,2019-02-01,-1.0428236867382754,FALSE
高雄市,2019-03-01,0.3464697358290536,FALSE
高雄市,2019-04-01,1.0919554088508168,FALSE
高雄市,2019-05-01,-0.508021903606533,FALSE
高雄市,2019-06-01,-0.3665591601874123,FALSE
高雄市,2019-07-01,0.7093488134431158,FALSE
高雄市,2019-08-01,-0.7133260752429269,FALSE
高雄市,2019-09-01,0.5232759775305045,FALSE
高雄市,2019-10-01,0.18682847018416915,FALSE
高雄市,2019-11-01,0.0062929602793690975,FALSE
高雄市,2019-12-01,-1.0905812017367431,FALSE
高雄市,2020-01-01,0.320843368762052,FALSE
高雄市,2020-02-01,0.07820446956778149,FALSE
高雄市,2020-03-01,-0.05199396089253483,FALSE
高雄市,2020-04-01,-0.12185757860024538,FALSE
高雄市,2020-05-01,-0.15934593435041222,FALSE
高雄市,2020-06-01,0.8205380615982278,FALSE
高雄市,2020-07-01,-0.6536626591874999,FALSE
高雄市,2020-08-01,-0.4447090275444783,FALSE
高雄市,2020-09-01,0.6674141108692115,FALSE
高雄市,2020-10-01,1.2641720403722019,FALSE
高雄市,2020-11-01,-1.415611596777314,TRUE
高雄市,2020-12-01,-0.8535657940997297,FALSE
高雄市,2021-01-01,0.448024270800941,FALSE
高雄市,2021-02-01,0.1464489014580348,FALSE
高雄市,2021-03-01,-0.015374449555840997,FALSE
高雄市,2021-04-01,-0.10220779072166053,FALSE
高雄市,2021-05-01,-1.1488019879792173,FALSE
高雄市,2021-06-01,-0.7103975205351993,FALSE
高雄市,2021-07-01,0.5248474206409419,FALSE
高雄市,2021-08-01,1.1876716961764409,FALSE
高雄市,2021-09-01,1.5433388238805605,TRUE
高雄市,2021-10-01,0.7341874551065324,FALSE
高雄市,2021-11-01,0.30000217579218,FALSE
高雄市,2021-12-01,1.0670212230948994,FALSE
高雄市,2022-01-01,0.47859857702948005,FALSE
高雄市,2022-02-01,0.16285487220958217,FALSE
高雄市,2022-03-01,-0.00657111402669841,FALSE
高雄市,2022-04-01,0.9025160209693599,FALSE
高雄市,2022-05-01,0.39032617227317346,FALSE
高雄市,2022-06-01,-0.8845115170643272,FALSE
高雄市,2022-07-01,-0.5685809997176356,FALSE
高雄市,2022-08-01,-0.3990547711135424,FALSE
高雄市,2022-09-01,-0.3080881167172205,FALSE
高雄市,2022-10-01,0.7407239891155886,FALSE
高雄市,2022-11-01,-0.6964903632382242,FALSE
高雄市,2022-12-01,-0.46769009062273703,FALSE
高雄市,2023-01-01,-0.34491737576807147,FALSE
高雄市,2023-02-01,-0.27903834800084404,FALSE
高雄市,2023-03-01,0.7563119031090437,FALSE
高雄市,2023-04-01,0.31187400843852586,FALSE
高雄市,2023-05-01,0.07339157006883568,FALSE
高雄市,2023-06-01,0.9454234690298478,FALSE
高雄市,2023-07-01,0.4133500254602911,FALSE
高雄市,2023-08-01,0.1278429304627,FALSE
高雄市,2023-09-01,0.9746417093171704,FALSE
高雄市,2023-10-01,0.4290283401858126,FALSE
高雄市,2023-11-01,0.1362558105751006,FALSE
高雄市,2023-12-01,-0.020843994789126796,FALSE
新北市,2014-01-01,0.029999980900025522,FALSE
新北市,2014-02-01,-0.8861806516228541,FALSE
新北市,2014-03-01,0.5728543817628832,FALSE
新北市,2014-04-01,1.2814085809366669,FALSE
新北市,2014-05-01,0.6635670917146085,FALSE
新北市,2014-06-01,-0.6534215644301817,FALSE
新北市,2014-07-01,-0.3413756830632227,FALSE
新北市,2014-08-01,-0.178441016380536,FALSE
新北市,2014-09-01,-0.09328626343979123,FALSE
新北市,2014-10-01,-0.04877051604293975,FALSE
新北市,2014-11-01,-0.025497732049629542,FALSE
新北市,2014-12-01,0.9866692516794019,FALSE
新北市,2015-01-01,-6.484156750328389,TRUE
新北市,2015-02-01,-2.3899975583266277,FALSE
新北市,2015-03-01,-2.249520423533117,FALSE
新北市,2015-04-01,0.8239227424019384,FALSE
新北市,2015-05-01,-0.5692429407978237,FALSE
新北市,2015-06-01,0.7023927090466686,FALSE
新北市,2015-07-01,-1.6327803537409251,FALSE
新北市,2015-08-01,-0.8536378811516292,FALSE
新北市,2015-09-01,0.5537074962419312,FALSE
新北市,2015-10-01,-0.7105148326887033,FALSE
新北市,2015-11-01,-0.3714659935327469,FALSE
新北市,2015-12-01,-0.1942070425597919,FALSE
新北市,2016-01-01,-1.1015338578401974,FALSE
新北市,2016-02-01,0.4241043957317091,FALSE
新北市,2016-03-01,-0.7782729459341013,FALSE
新北市,2016-04-01,0.5931092219324156,FALSE
新北市,2016-05-01,0.3100848796709599,FALSE
新北市,2016-06-01,0.1621162326346557,FALSE
新北市,2016-07-01,0.08475638319269763,FALSE
新北市,2016-08-01,1.0443116915262678,FALSE
新北市,2016-09-01,-0.4540208561403887,FALSE
新北市,2016-10-01,-1.2373677517366986,FALSE
新北市,2016-11-01,0.35308874619096287,FALSE
新北市,2016-12-01,0.18459918903144512,FALSE
新北市,2017-01-01,-0.9034892475087908,FALSE
新北市,2017-02-01,0.5276445817433348,FALSE
新北市,2017-03-01,0.27585915138166683,FALSE
新北市,2017-04-01,0.14422259610737242,FALSE
新北市,2017-05-01,0.07540136741438985,FALSE
新北市,2017-06-01,1.039420772898353,FALSE
新北市,2017-07-01,0.5434221107565413,FALSE
新北市,2017-08-01,-0.7158921601733539,FALSE
新北市,2017-09-01,0.6257226727625635,FALSE
新北市,2017-10-01,0.327135597485416,FALSE
新北市,2017-11-01,-0.8289694399762482,FALSE
新北市,2017-12-01,0.5666044641686092,FALSE
新北市,2018-01-01,0.29622786258543954,FALSE
新北市,2018-02-01,0.1548716117171729,FALSE
新北市,2018-03-01,0.08096880525192773,FALSE
新北市,2018-04-01,10.042331498660303,TRUE
新北市,2018-05-01,-4.749744163086337,TRUE
新北市,2018-06-01,-2.483225336608079,FALSE
新北市,2018-07-01,-1.2982610979967895,FALSE
新北市,2018-08-01,-0.6787470527640806,FALSE
新北市,2018-09-01,-0.3548574029883369,FALSE
新北市,2018-10-01,-0.1855238648076991,FALSE
新北市,2018-11-01,-0.09699418449025998,FALSE
新北市,2018-12-01,-0.050709766286306746,FALSE
新北市,2019-01-01,-0.026511696658165107,FALSE
新北市,2019-02-01,-0.013860644825815172,FALSE
新北市,2019-03-01,-0.007246517545237197,FALSE
新北市,2019-04-01,0.9962114304786454,FALSE
新北市,2019-05-01,0.5208317290032092,FALSE
新北市,2019-06-01,0.27229730721533585,FALSE
新北市,2019-07-01,0.14236041966687907,FALSE
新北市,2019-08-01,0.07442779840530278,FALSE
新北市,2019-09-01,0.038911778908932604,FALSE
新北市,2019-10-01,1.0203435620870103,FALSE
新北市,2019-11-01,-0.46655169238146854,FALSE
新北市,2019-12-01,0.7560809711893555,FALSE
新北市,2020-01-01,0.39528853759665594,FALSE
新北市,2020-02-01,-0.7933382350444447,FALSE
新北市,2020-03-01,-0.414767098630886,FALSE
新北市,2020-04-01,-0.2168453989830006,FALSE
新北市,2020-05-01,0.8866305277942423,FALSE
新北市,2020-06-01,1.463541469862708,FALSE
新北市,2020-07-01,0.7651576873096602,FALSE
新北市,2020-08-01,1.4000339577012397,FALSE
新北市,2020-09-01,0.7319551699004236,FALSE
新北市,2020-10-01,0.3826752685510826,FALSE
新北市,2020-11-01,-0.7999326090140677,FALSE
新北市,2020-12-01,1.58178528062194,FALSE
新北市,2021-01-01,0.8269770225606834,FALSE
新北市,2021-02-01,0.4323538752203042,FALSE
新北市,2021-03-01,0.22603998456837004,FALSE
新北市,2021-04-01,0.11817651593300482,FALSE
新北市,2021-05-01,-0.9382158473212954,FALSE
新北市,2021-06-01,-1.4905109166472599,FALSE
新北市,2021-07-01,0.22074235040390988,FALSE
新北市,2021-08-01,1.115406846887776,FALSE
新北市,2021-09-01,0.5831485755262378,FALSE
新北市,2021-10-01,2.304877329816584,FALSE
新北市,2021-11-01,0.20501854134707997,FALSE
新北市,2021-12-01,1.1071862439042839,FALSE
新北市,2022-01-01,0.578850742019867,FALSE
新北市,2022-02-01,0.3026303689931993,FALSE
新北市,2022-03-01,1.15821892171612,FALSE
新北市,2022-04-01,0.6055312608406851,FALSE
新北市,2022-05-01,0.3165792761458448,FALSE
新北市,2022-06-01,1.165511583903836,FALSE
新北市,2022-07-01,-0.39065604464482107,FALSE
新北市,2022-08-01,-0.2042398400108283,FALSE
新北市,2022-09-01,-0.10677912915842569,FALSE
新北市,2022-10-01,-0.05582545708627151,FALSE
新北市,2022-11-01,-0.02918624344901133,FALSE
新北市,2022-12-01,-0.015258931160175848,FALSE
新北市,2023-01-01,-1.0079775590359148,FALSE
新北市,2023-02-01,-0.5269832073868805,FALSE
新北市,2023-03-01,1.7244866233595673,FALSE
新北市,2023-04-01,1.9015830597885497,FALSE
新北市,2023-05-01,-0.005828720117150965,FALSE
新北市,2023-06-01,1.9969526726118474,FALSE
新北市,2023-07-01,0.044031699891540654,FALSE
新北市,2023-08-01,1.0230203204699677,FALSE
新北市,2023-09-01,0.5348477502007611,FALSE
新北市,2023-10-01,0.2796250574606418,FALSE
新北市,2023-11-01,0.14619145865438554,FALSE
新北市,2023-12-01,0.07643071324716999,FALSE
