月份,平均購屋貸款利率_(年息百分比率),每戶可支配年所得_,CPI_,失業率,公寓單價_平均,公寓單價_中位,公寓成交_(棟),住宅大樓單價_平均,住宅大樓單價_中位,住宅大樓成交_(棟),透天厝單價_平均,透天厝單價_中位,透天厝成交_(棟),遷入總人數_(人),遷出總人數_(人),city,year,month
2014.01,1.963,1152523,94.18,3.9,13,12,135,18,17,1471,38,34,640,3259,3814,臺中市,2014,1
2014.02,1.97,1152523,93.81,3.9,13,12,116,18,15,1403,38,35,594,3259,3814,臺中市,2014,2
2014.03,1.967,1152523,93.99,3.9,12,12,238,19,17,2105,38,34,1064,3259,3814,臺中市,2014,3
2014.04,1.956,1152523,94.62,3.9,13,12,198,18,17,1976,37,32,1203,3259,3814,臺中市,2014,4
2014.05,1.961,1152523,94.76,3.9,13,12,185,18,16,1539,39,35,885,3259,3814,臺中市,2014,5
2014.06,1.956,1152523,95.25,3.9,13,12,176,18,16,1917,39,35,969,3259,3814,臺中市,2014,6
2014.07,1.958,1152523,95.22,3.9,13,12,159,18,16,1529,39,35,893,3259,3814,臺中市,2014,7
2014.08,1.963,1152523,95.64,3.9,14,13,162,17,16,1368,41,35,794,3259,3814,臺中市,2014,8
2014.09,1.972,1152523,95.59,3.9,13,12,164,19,16,1482,39,34,843,3259,3814,臺中市,2014,9
2014.1,1.977,1152523,95.66,3.9,13,13,165,18,16,1674,38,35,870,3259,3814,臺中市,2014,1
2014.11,1.959,1152523,94.78,3.9,13,13,148,18,17,2232,37,32,816,3259,3814,臺中市,2014,11
2014.12,1.962,1152523,94.46,3.9,14,13,147,18,17,2000,38,33,1077,3259,3814,臺中市,2014,12
2015.01,1.985,1169183,93.3,3.7,14,13,110,18,16,1635,41,36,573,3155,3769,臺中市,2015,1
2015.02,1.984,1169183,93.62,3.7,13,13,72,18,17,803,42,39,396,2420,3211,臺中市,2015,2
2015.03,1.99,1169183,93.41,3.7,13,13,154,18,17,1313,40,36,754,3833,4965,臺中市,2015,3
2015.04,1.986,1169183,93.84,3.7,13,13,174,18,17,1385,40,33,790,3153,4421,臺中市,2015,4
2015.05,1.981,1169183,94.07,3.7,13,12,142,19,17,1339,39,33,740,3517,4509,臺中市,2015,5
2015.06,1.983,1169183,94.72,3.7,14,14,134,18,17,1275,40,35,681,3209,4468,臺中市,2015,6
2015.07,1.976,1169183,94.62,3.8,13,13,147,18,16,1276,39,35,683,3593,5337,臺中市,2015,7
2015.08,1.974,1169183,95.21,3.8,17,15,127,18,17,1025,39,34,615,3391,5759,臺中市,2015,8
2015.09,1.964,1169183,95.87,3.8,14,12,104,18,17,901,40,34,492,3027,4070,臺中市,2015,9
2015.1,1.911,1169183,95.95,3.8,13,13,142,18,16,1015,38,33,674,2638,3363,臺中市,2015,1
2015.11,1.906,1169183,95.29,3.8,13,13,115,18,17,1316,41,36,997,2401,3079,臺中市,2015,11
2015.12,1.895,1169183,94.58,3.8,13,12,152,19,17,1277,41,34,956,2518,3062,臺中市,2015,12
2016.01,1.852,1140325,94.05,3.8,14,13,104,18,17,773,40,34,480,2753,3612,臺中市,2016,1
2016.02,1.835,1140325,95.88,3.8,13,12,59,19,18,569,40,33,324,2416,3370,臺中市,2016,2
2016.03,1.816,1140325,95.29,3.8,13,13,121,19,18,1150,41,35,662,3359,4166,臺中市,2016,3
2016.04,1.74,1140325,95.6,3.8,14,13,122,20,18,1289,43,37,659,2647,3589,臺中市,2016,4
2016.05,1.731,1140325,95.23,3.8,14,13,120,19,17,1261,41,36,708,3182,4313,臺中市,2016,5
2016.06,1.724,1140325,95.57,3.8,14,13,123,19,17,1137,41,36,743,2852,3767,臺中市,2016,6
2016.07,1.695,1140325,95.79,3.8,14,13,149,18,17,1136,39,35,724,3002,4075,臺中市,2016,7
2016.08,1.684,1140325,95.75,3.8,13,13,104,18,17,1023,39,35,634,3425,4630,臺中市,2016,8
2016.09,1.669,1140325,96.19,3.8,14,14,113,18,17,1234,41,36,666,2966,3963,臺中市,2016,9
2016.1,1.661,1140325,97.58,3.8,13,13,118,18,17,1092,40,35,683,2518,4116,臺中市,2016,1
2016.11,1.678,1140325,97.17,3.8,14,13,95,18,17,1007,39,35,679,2525,3678,臺中市,2016,11
2016.12,1.659,1140325,96.18,3.8,13,12,143,18,17,1277,39,35,849,2754,3620,臺中市,2016,12
2017.01,1.674,1245350,96.16,3.6,14,12,97,16,14,1420,41,35,535,2455,3318,臺中市,2017,1
2017.02,1.668,1245350,95.82,3.6,15,14,79,19,18,1013,39,35,493,2869,3766,臺中市,2017,2
2017.03,1.665,1245350,95.46,3.6,14,13,144,19,17,1446,41,37,770,3262,4307,臺中市,2017,3
2017.04,1.666,1245350,95.69,3.6,14,13,165,19,18,1565,40,37,829,2596,3408,臺中市,2017,4
2017.05,1.655,1245350,95.8,3.6,14,13,148,20,19,1764,41,36,822,3050,4097,臺中市,2017,5
2017.06,1.647,1245350,96.53,3.6,13,13,125,19,19,1596,39,36,688,3109,3742,臺中市,2017,6
2017.07,1.642,1245350,96.53,3.7,15,14,148,19,18,1513,40,36,681,3057,4059,臺中市,2017,7
2017.08,1.638,1245350,96.67,3.7,14,14,134,20,19,1652,40,36,794,3546,4897,臺中市,2017,8
2017.09,1.633,1245350,96.66,3.7,14,14,126,21,19,1425,44,38,644,2972,3745,臺中市,2017,9
2017.1,1.627,1245350,97.26,3.7,14,14,138,19,18,1808,45,37,764,2251,3084,臺中市,2017,1
2017.11,1.63,1245350,97.5,3.7,14,14,144,20,18,1829,42,39,807,2432,3316,臺中市,2017,11
2017.12,1.632,1245350,97.35,3.7,14,14,146,19,18,1880,40,36,884,2519,3585,臺中市,2017,12
2018.01,1.635,1279865,97.02,3.6,14,14,129,19,18,1815,41,38,764,3065,4236,臺中市,2018,1
2018.02,1.633,1279865,97.93,3.6,14,13,77,20,18,988,46,42,461,2158,3337,臺中市,2018,2
2018.03,1.628,1279865,96.98,3.6,14,13,157,19,18,1908,43,40,838,3617,4984,臺中市,2018,3
2018.04,1.629,1279865,97.61,3.6,15,14,144,76,18,1956,42,37,725,3134,3621,臺中市,2018,4
2018.05,1.627,1279865,97.48,3.6,14,14,146,19,18,1975,42,36,730,3898,4342,臺中市,2018,5
2018.06,1.624,1279865,97.88,3.6,15,14,141,19,19,1781,44,39,722,2922,3375,臺中市,2018,6
2018.07,1.62,1279865,98.22,3.8,15,14,135,20,19,1764,42,36,764,3645,4177,臺中市,2018,7
2018.08,1.626,1279865,98.16,3.8,15,14,126,20,19,1647,44,40,665,3498,4117,臺中市,2018,8
2018.09,1.62,1279865,98.32,3.8,15,14,159,19,18,1755,44,39,732,2835,3104,臺中市,2018,9
2018.1,1.627,1279865,98.39,3.8,14,14,130,21,20,1852,48,40,788,2333,3015,臺中市,2018,1
2018.11,1.626,1279865,97.78,3.8,14,14,119,20,19,1622,43,39,784,2141,3354,臺中市,2018,11
2018.12,1.617,1279865,97.29,3.8,15,15,148,21,20,1878,44,39,834,2706,4490,臺中市,2018,12
2019.01,1.629,1298497,97.19,3.7,15,14,166,20,19,1860,46,40,803,3027,4826,臺中市,2019,1
2019.02,1.638,1298497,98.14,3.7,15,14,91,20,19,1256,44,39,505,2483,3205,臺中市,2019,2
2019.03,1.627,1298497,97.52,3.7,15,14,169,20,19,2358,47,39,912,3077,3728,臺中市,2019,3
2019.04,1.622,1298497,98.25,3.7,14,14,146,20,19,2273,47,43,900,3166,3521,臺中市,2019,4
2019.05,1.622,1298497,98.39,3.7,15,15,165,21,21,2287,45,42,882,3434,3696,臺中市,2019,5
2019.06,1.621,1298497,98.71,3.7,16,15,163,21,21,2288,44,40,851,2927,3226,臺中市,2019,6
2019.07,1.619,1298497,98.6,3.8,16,15,177,22,21,2274,45,42,885,3969,4409,臺中市,2019,7
2019.08,1.624,1298497,98.58,3.8,16,15,126,22,21,2052,45,41,627,3919,4131,臺中市,2019,8
2019.09,1.615,1298497,98.73,3.8,16,16,155,23,22,2290,45,42,874,3342,3785,臺中市,2019,9
2019.1,1.615,1298497,98.75,3.8,16,15,191,22,21,2452,45,41,924,2513,2753,臺中市,2019,1
2019.11,1.617,1298497,98.35,3.8,16,15,195,22,21,2409,47,40,870,2217,2532,臺中市,2019,11
2019.12,1.608,1298497,98.41,3.8,16,15,197,23,21,2432,47,42,925,2273,2492,臺中市,2019,12
2020.01,1.617,1289700,99,3.9,15,15,121,23,21,1498,47,44,637,2874,3066,臺中市,2020,1
2020.02,1.611,1289700,97.94,3.9,16,15,126,22,21,1889,45,40,824,3145,3577,臺中市,2020,2
2020.03,1.593,1289700,97.5,3.9,15,15,166,22,21,2227,48,41,862,3195,3980,臺中市,2020,3
2020.04,1.381,1289700,97.3,3.9,16,16,159,21,21,1669,46,41,783,2919,3190,臺中市,2020,4
2020.05,1.349,1289700,97.2,3.9,16,16,180,22,21,2288,47,42,890,3090,3139,臺中市,2020,5
2020.06,1.359,1289700,97.98,3.9,17,16,214,22,21,2513,47,43,938,2770,3047,臺中市,2020,6
2020.07,1.359,1289700,98.1,3.9,19,17,207,23,22,2749,50,44,1066,3477,3641,臺中市,2020,7
2020.08,1.359,1289700,98.25,3.9,18,17,227,23,23,2854,50,45,1008,3533,3869,臺中市,2020,8
2020.09,1.359,1289700,98.16,3.9,18,17,250,23,22,2541,52,45,998,3225,3578,臺中市,2020,9
2020.1,1.367,1289700,98.49,3.9,18,17,254,24,23,2671,52,46,996,2236,2851,臺中市,2020,1
2020.11,1.361,1289700,98.44,3.9,18,17,227,24,23,2761,49,43,1104,2357,3428,臺中市,2020,11
2020.12,1.356,1289700,98.45,3.9,18,17,226,26,24,2550,50,44,1032,2740,4577,臺中市,2020,12
2021.01,1.362,1304508,98.81,3.9,18,18,204,26,24,2341,53,45,882,2503,3838,臺中市,2021,1
2021.02,1.367,1304508,99.29,3.9,19,18,134,25,24,1596,53,45,568,2319,3439,臺中市,2021,2
2021.03,1.357,1304508,98.69,3.9,19,18,226,24,23,2382,53,49,1097,3248,4324,臺中市,2021,3
2021.04,1.357,1304508,99.35,3.9,18,18,257,24,23,2556,54,48,936,2846,3518,臺中市,2021,4
2021.05,1.35,1304508,99.58,3.9,19,19,209,24,23,1795,54,48,843,2423,2785,臺中市,2021,5
2021.06,1.353,1304508,99.77,3.9,18,18,121,26,24,1201,55,50,590,2389,2710,臺中市,2021,6
2021.07,1.349,1304508,99.97,4,20,18,183,26,24,1854,55,49,824,3151,3725,臺中市,2021,7
2021.08,1.349,1304508,100.55,4,20,19,183,27,25,2346,53,48,837,3365,3999,臺中市,2021,8
2021.09,1.346,1304508,100.71,4,20,19,214,27,25,2766,56,53,1028,3159,3445,臺中市,2021,9
2021.1,1.351,1304508,101,4,21,19,221,27,25,2752,55,51,1038,2545,2995,臺中市,2021,1
2021.11,1.351,1304508,101.24,4,20,20,211,27,27,2722,57,52,884,2546,3177,臺中市,2021,11
2021.12,1.355,1304508,101.04,4,22,21,224,28,26,1995,61,56,815,2774,3489,臺中市,2021,12
2022.01,1.359,1338826,101.61,3.6,23,21,184,28,26,1647,56,52,678,2894,3799,臺中市,2022,1
2022.02,1.367,1338826,101.6,3.6,22,21,138,27,26,1164,55,51,527,2394,3274,臺中市,2022,2
2022.03,1.378,1338826,101.92,3.6,21,21,228,29,26,1970,59,52,807,3607,4328,臺中市,2022,3
2022.04,1.561,1338826,102.7,3.6,22,21,210,28,26,1643,58,53,614,3184,3522,臺中市,2022,4
2022.05,1.601,1338826,102.96,3.6,22,21,168,31,29,1549,58,50,598,3144,3379,臺中市,2022,5
2022.06,1.614,1338826,103.35,3.6,22,20,159,28,27,1159,55,48,567,3064,3231,臺中市,2022,6
2022.07,1.703,1338826,103.32,3.7,22,21,173,28,27,1143,57,55,513,3380,3876,臺中市,2022,7
2022.08,1.729,1338826,103.24,3.7,23,22,125,29,27,905,57,50,410,3097,4063,臺中市,2022,8
2022.09,1.731,1338826,103.49,3.7,22,21,151,29,27,1129,58,52,505,2855,3556,臺中市,2022,9
2022.1,1.827,1338826,103.77,3.7,23,21,159,29,27,1132,69,51,503,1860,2465,臺中市,2022,1
2022.11,1.851,1338826,103.62,3.7,23,22,121,27,26,935,53,46,477,2079,2939,臺中市,2022,11
2022.12,1.864,1338826,103.78,3.7,22,22,112,28,26,972,54,47,471,2730,3885,臺中市,2022,12
2023.01,1.953,1346521,104.71,3.5,20,20,90,28,26,697,55,50,356,2207,3029,臺中市,2023,1
2023.02,1.98,1346521,104.06,3.5,22,22,128,27,25,995,53,46,393,2851,4187,臺中市,2023,2
2023.03,1.985,1346521,104.32,3.5,37,23,143,28,27,1164,56,51,609,3112,4557,臺中市,2023,3
2023.04,2.08,1346521,105.11,3.5,22,22,174,29,27,1266,58,54,488,2318,3197,臺中市,2023,4
2023.05,2.101,1346521,105.04,3.5,22,21,143,28,27,1089,56,54,460,3027,3996,臺中市,2023,5
2023.06,2.098,1346521,105.16,3.5,22,21,127,29,27,1082,61,56,456,2681,3866,臺中市,2023,6
2023.07,2.098,1346521,105.26,3.5,23,23,85,29,27,811,59,54,369,2967,4138,臺中市,2023,7
2023.08,2.091,1346521,105.85,3.5,23,21,142,32,28,1136,56,50,380,3281,4466,臺中市,2023,8
2023.09,2.076,1346521,106.52,3.5,23,23,116,29,28,1031,63,58,381,2927,3731,臺中市,2023,9
2023.1,2.077,1346521,106.92,3.5,24,22,148,30,28,1219,57,54,503,2165,2936,臺中市,2023,1
2023.11,2.071,1346521,106.62,3.5,39,22,155,30,28,1176,60,56,485,2203,2997,臺中市,2023,11
2023.12,2.079,1346521,106.58,3.5,23,22,140,30,29,1367,55,53,540,2068,2890,臺中市,2023,12
2014.01,1.963,1575819,94.18,4,53,52,327,60,55,849,124,99,30,6270,6461,臺北市,2014,1
2014.02,1.97,1575819,93.81,4,50,50,310,66,63,650,146,122,28,6270,6461,臺北市,2014,2
2014.03,1.967,1575819,93.99,4,53,51,539,64,61,1157,173,120,45,6270,6461,臺北市,2014,3
2014.04,1.956,1575819,94.62,4,53,50,533,58,58,1315,204,150,68,6270,6461,臺北市,2014,4
2014.05,1.961,1575819,94.76,4,52,49,446,67,65,936,208,145,57,6270,6461,臺北市,2014,5
2014.06,1.956,1575819,95.25,4,51,48,454,64,62,801,146,98,35,6270,6461,臺北市,2014,6
2014.07,1.958,1575819,95.22,4,52,49,412,62,58,980,156,107,44,6270,6461,臺北市,2014,7
2014.08,1.963,1575819,95.64,4,50,49,387,63,60,771,127,93,38,6270,6461,臺北市,2014,8
2014.09,1.972,1575819,95.59,4,51,47,471,64,62,745,121,93,51,6270,6461,臺北市,2014,9
2014.1,1.977,1575819,95.66,4,50,48,497,63,59,895,132,101,56,6270,6461,臺北市,2014,1
2014.11,1.959,1575819,94.78,4,51,48,466,65,63,862,175,114,50,6270,6461,臺北市,2014,11
2014.12,1.962,1575819,94.46,4,47,46,669,64,60,1116,149,96,75,6270,6461,臺北市,2014,12
2015.01,1.985,1581899,93.3,3.7,53,49,328,66,62,585,138,83,25,5720,5887,臺北市,2015,1
2015.02,1.984,1581899,93.62,3.7,54,49,191,64,61,387,136,105,26,4895,4505,臺北市,2015,2
2015.03,1.99,1581899,93.41,3.7,52,50,388,66,64,803,161,130,34,7069,7044,臺北市,2015,3
2015.04,1.986,1581899,93.84,3.7,49,47,366,64,61,822,114,90,30,6760,6089,臺北市,2015,4
2015.05,1.981,1581899,94.07,3.7,52,50,409,66,61,694,137,110,30,7613,6435,臺北市,2015,5
2015.06,1.983,1581899,94.72,3.7,50,48,344,65,62,731,153,136,36,6787,5673,臺北市,2015,6
2015.07,1.976,1581899,94.62,3.9,49,47,386,64,61,696,135,110,38,8086,5754,臺北市,2015,7
2015.08,1.974,1581899,95.21,3.9,51,46,343,61,59,619,404,114,39,7484,5263,臺北市,2015,8
2015.09,1.964,1581899,95.87,3.9,49,45,327,62,57,737,100,80,116,7314,5341,臺北市,2015,9
2015.1,1.911,1581899,95.95,3.9,49,44,488,61,59,794,129,103,44,5073,4742,臺北市,2015,1
2015.11,1.906,1581899,95.29,3.9,49,44,546,58,55,982,132,109,73,4673,4537,臺北市,2015,11
2015.12,1.895,1581899,94.58,3.9,46,45,574,60,56,1081,159,115,103,4784,4776,臺北市,2015,12
2016.01,1.852,1568945,94.05,3.8,50,47,257,60,56,432,152,129,26,5430,4785,臺北市,2016,1
2016.02,1.835,1568945,95.88,3.8,49,47,151,63,60,277,130,111,8,5053,4218,臺北市,2016,2
2016.03,1.816,1568945,95.29,3.8,47,45,278,63,59,570,159,118,34,6839,6366,臺北市,2016,3
2016.04,1.74,1568945,95.6,3.8,50,46,353,55,56,840,149,91,28,6401,4872,臺北市,2016,4
2016.05,1.731,1568945,95.23,3.8,49,46,379,62,59,900,129,115,49,8022,6122,臺北市,2016,5
2016.06,1.724,1568945,95.57,3.8,50,47,360,61,59,682,122,110,27,6436,5226,臺北市,2016,6
2016.07,1.695,1568945,95.79,4,49,47,337,61,58,666,166,93,35,7504,4893,臺北市,2016,7
2016.08,1.684,1568945,95.75,4,47,46,321,63,59,636,119,101,31,8602,5284,臺北市,2016,8
2016.09,1.669,1568945,96.19,4,47,45,331,59,57,570,128,79,23,7524,5039,臺北市,2016,9
2016.1,1.661,1568945,97.58,4,47,46,334,59,58,605,141,122,28,6021,4552,臺北市,2016,1
2016.11,1.678,1568945,97.17,4,47,45,400,64,60,652,139,107,37,6319,4445,臺北市,2016,11
2016.12,1.659,1568945,96.18,4,47,45,417,62,59,795,133,125,46,6060,4650,臺北市,2016,12
2017.01,1.674,1648122,96.16,3.8,48,46,278,61,59,535,156,124,35,5023,3990,臺北市,2017,1
2017.02,1.668,1648122,95.82,3.8,46,43,263,61,58,534,146,96,31,6044,4467,臺北市,2017,2
2017.03,1.665,1648122,95.46,3.8,47,45,387,63,59,786,149,100,44,7591,6093,臺北市,2017,3
2017.04,1.666,1648122,95.69,3.8,47,46,400,61,58,748,135,111,36,6129,4391,臺北市,2017,4
2017.05,1.655,1648122,95.8,3.8,48,45,384,63,59,774,156,109,38,8078,5957,臺北市,2017,5
2017.06,1.647,1648122,96.53,3.8,46,44,357,62,59,739,146,131,28,6736,5207,臺北市,2017,6
2017.07,1.642,1648122,96.53,3.8,48,45,353,62,59,757,97,100,36,7579,4604,臺北市,2017,7
2017.08,1.638,1648122,96.67,3.8,49,46,376,63,60,727,152,101,37,8321,5615,臺北市,2017,8
2017.09,1.633,1648122,96.66,3.8,47,44,316,61,58,662,125,121,39,7644,5121,臺北市,2017,9
2017.1,1.627,1648122,97.26,3.8,48,44,370,61,60,854,140,119,32,4891,4078,臺北市,2017,1
2017.11,1.63,1648122,97.5,3.8,48,45,422,47,46,1268,131,123,26,5495,4575,臺北市,2017,11
2017.12,1.632,1648122,97.35,3.8,47,44,439,61,59,824,142,105,59,5793,4793,臺北市,2017,12
2018.01,1.635,1649348,97.02,3.6,51,47,416,62,59,773,145,121,44,5930,5207,臺北市,2018,1
2018.02,1.633,1649348,97.93,3.6,48,46,235,63,60,459,120,107,26,5102,3649,臺北市,2018,2
2018.03,1.628,1649348,96.98,3.6,48,46,398,61,59,985,130,100,41,8437,6695,臺北市,2018,3
2018.04,1.629,1649348,97.61,3.6,51,44,421,64,59,923,135,97,39,6669,4961,臺北市,2018,4
2018.05,1.627,1649348,97.48,3.6,57,49,456,63,59,957,126,102,46,9375,7009,臺北市,2018,5
2018.06,1.624,1649348,97.88,3.6,52,47,448,62,59,901,129,91,30,6206,4740,臺北市,2018,6
2018.07,1.62,1649348,98.22,3.8,51,46,403,62,59,912,136,118,38,8062,5675,臺北市,2018,7
2018.08,1.626,1649348,98.16,3.8,48,45,400,63,60,829,128,103,37,7750,5497,臺北市,2018,8
2018.09,1.62,1649348,98.32,3.8,50,46,356,63,60,815,137,120,30,6814,4257,臺北市,2018,9
2018.1,1.627,1649348,98.39,3.8,48,46,433,63,59,875,90,77,37,4512,3757,臺北市,2018,1
2018.11,1.626,1649348,97.78,3.8,51,48,393,66,62,827,145,116,28,4887,3769,臺北市,2018,11
2018.12,1.617,1649348,97.29,3.8,49,47,455,65,63,870,144,112,42,7264,5271,臺北市,2018,12
2019.01,1.629,1723021,97.19,3.6,48,45,407,63,60,858,143,115,47,7297,5285,臺北市,2019,1
2019.02,1.638,1723021,98.14,3.6,50,46,226,64,62,519,140,114,30,5916,3949,臺北市,2019,2
2019.03,1.627,1723021,97.52,3.6,49,47,481,64,61,1031,143,117,45,7145,5428,臺北市,2019,3
2019.04,1.622,1723021,98.25,3.6,51,48,471,65,62,1017,137,101,38,7227,4856,臺北市,2019,4
2019.05,1.622,1723021,98.39,3.6,48,46,478,65,62,1040,134,109,41,8980,5830,臺北市,2019,5
2019.06,1.621,1723021,98.71,3.6,48,45,454,64,60,1082,142,102,55,6283,4783,臺北市,2019,6
2019.07,1.619,1723021,98.6,3.8,48,45,499,65,62,1019,112,92,36,9734,5478,臺北市,2019,7
2019.08,1.624,1723021,98.58,3.8,50,46,389,66,63,837,147,120,39,9248,4995,臺北市,2019,8
2019.09,1.615,1723021,98.73,3.8,47,45,388,67,63,982,135,110,57,8479,5289,臺北市,2019,9
2019.1,1.615,1723021,98.75,3.8,48,47,454,67,63,999,126,104,50,5806,4098,臺北市,2019,1
2019.11,1.617,1723021,98.35,3.8,50,47,492,65,62,977,121,100,65,5276,3581,臺北市,2019,11
2019.12,1.608,1723021,98.41,3.8,50,48,521,64,62,1098,168,138,64,4934,3402,臺北市,2019,12
2020.01,1.617,1716591,99,3.8,48,45,326,65,61,714,174,162,37,6714,3892,臺北市,2020,1
2020.02,1.611,1716591,97.94,3.8,49,45,406,65,62,785,113,87,40,8208,4737,臺北市,2020,2
2020.03,1.593,1716591,97.5,3.8,49,46,423,65,62,898,148,122,53,7887,4855,臺北市,2020,3
2020.04,1.381,1716591,97.3,3.8,48,46,452,65,62,786,152,118,41,7170,3770,臺北市,2020,4
2020.05,1.349,1716591,97.2,3.8,52,50,455,66,63,1173,136,105,43,7749,4514,臺北市,2020,5
2020.06,1.359,1716591,97.98,3.9,50,47,536,67,64,1461,160,118,32,6321,4812,臺北市,2020,6
2020.07,1.359,1716591,98.1,3.9,51,47,537,68,65,1651,126,119,43,8398,5401,臺北市,2020,7
2020.08,1.359,1716591,98.25,3.9,51,48,500,70,66,1663,151,135,47,8415,4835,臺北市,2020,8
2020.09,1.359,1716591,98.16,3.9,53,50,451,69,65,1489,161,130,53,8981,5400,臺北市,2020,9
2020.1,1.367,1716591,98.49,3.9,53,49,517,70,68,1465,133,105,67,5447,3696,臺北市,2020,1
2020.11,1.361,1716591,98.44,3.9,53,50,583,68,66,1453,139,108,58,6025,4007,臺北市,2020,11
2020.12,1.356,1716591,98.45,3.9,52,49,605,70,67,1570,136,121,72,6386,4459,臺北市,2020,12
2021.01,1.362,1732126,98.81,4,53,49,527,70,68,1249,128,108,42,6044,3903,臺北市,2021,1
2021.02,1.367,1732126,99.29,4,54,51,336,69,67,906,133,121,29,6023,3527,臺北市,2021,2
2021.03,1.357,1732126,98.69,4,55,53,621,71,66,1500,166,118,52,8233,5027,臺北市,2021,3
2021.04,1.357,1732126,99.35,4,55,51,596,71,68,1529,140,142,46,7602,4395,臺北市,2021,4
2021.05,1.35,1732126,99.58,4,54,52,441,71,67,1074,132,119,40,5468,3427,臺北市,2021,5
2021.06,1.353,1732126,99.77,4,54,50,288,71,66,682,113,79,27,4613,3462,臺北市,2021,6
2021.07,1.349,1732126,99.97,4.1,53,51,413,71,69,1006,115,101,32,7249,4024,臺北市,2021,7
2021.08,1.349,1732126,100.55,4.1,56,54,462,72,69,1205,129,113,46,8565,4719,臺北市,2021,8
2021.09,1.346,1732126,100.71,4.1,54,50,493,74,71,1295,101,78,41,9141,5143,臺北市,2021,9
2021.1,1.351,1732126,101,4.1,55,53,581,76,72,1308,150,123,43,6201,3544,臺北市,2021,1
2021.11,1.351,1732126,101.24,4.1,55,52,538,74,72,1377,120,87,33,6195,4075,臺北市,2021,11
2021.12,1.355,1732126,101.04,4.1,55,53,399,74,72,1126,162,139,27,6827,4497,臺北市,2021,12
2022.01,1.359,1752411,101.61,3.7,57,54,351,78,74,866,172,110,15,7030,4205,臺北市,2022,1
2022.02,1.367,1752411,101.6,3.7,55,53,284,76,73,704,207,134,12,5620,3469,臺北市,2022,2
2022.03,1.378,1752411,101.92,3.7,56,53,468,76,72,1183,133,111,44,8069,5360,臺北市,2022,3
2022.04,1.561,1752411,102.7,3.7,56,54,389,76,72,915,137,141,31,6971,4182,臺北市,2022,4
2022.05,1.601,1752411,102.96,3.7,58,54,309,76,71,755,143,107,31,6293,4122,臺北市,2022,5
2022.06,1.614,1752411,103.35,3.7,56,53,364,78,73,810,122,108,22,6434,4627,臺北市,2022,6
2022.07,1.703,1752411,103.32,3.6,58,55,383,75,71,835,150,110,25,7938,4947,臺北市,2022,7
2022.08,1.729,1752411,103.24,3.6,56,54,319,74,71,697,137,120,23,7433,4310,臺北市,2022,8
2022.09,1.731,1752411,103.49,3.6,57,54,330,75,72,739,213,134,25,7150,4616,臺北市,2022,9
2022.1,1.827,1752411,103.77,3.6,56,54,344,76,74,692,163,133,20,3845,3049,臺北市,2022,1
2022.11,1.851,1752411,103.62,3.6,58,55,367,75,74,722,176,146,13,4370,3552,臺北市,2022,11
2022.12,1.864,1752411,103.78,3.6,58,53,349,75,73,643,170,126,35,7094,4768,臺北市,2022,12
2023.01,1.953,1751823,104.71,3.5,57,56,157,75,73,339,119,91,10,5152,3324,臺北市,2023,1
2023.02,1.98,1751823,104.06,3.5,55,53,319,75,72,570,118,93,16,6727,4357,臺北市,2023,2
2023.03,1.985,1751823,104.32,3.5,57,55,436,76,73,876,160,118,30,7241,5279,臺北市,2023,3
2023.04,2.08,1751823,105.11,3.5,59,57,430,78,75,851,142,129,27,4978,3514,臺北市,2023,4
2023.05,2.101,1751823,105.04,3.5,61,58,392,77,73,769,147,118,28,6978,5481,臺北市,2023,5
2023.06,2.098,1751823,105.16,3.5,59,56,295,80,75,718,139,118,19,6365,4657,臺北市,2023,6
2023.07,2.098,1751823,105.26,3.5,59,56,243,78,74,544,224,184,14,7119,4840,臺北市,2023,7
2023.08,2.091,1751823,105.85,3.5,58,56,316,79,75,766,148,112,28,7756,5106,臺北市,2023,8
2023.09,2.076,1751823,106.52,3.5,58,53,308,79,77,698,139,126,33,7654,5053,臺北市,2023,9
2023.1,2.077,1751823,106.92,3.5,60,57,385,80,78,773,164,147,26,4815,3894,臺北市,2023,1
2023.11,2.071,1751823,106.62,3.5,59,56,348,78,76,783,173,119,20,4930,3869,臺北市,2023,11
2023.12,2.079,1751823,106.58,3.5,59,57,484,79,76,874,143,106,34,4285,3609,臺北市,2023,12
2014.01,1.963,991990,94.18,4.1,8,7,80,12,10,343,24,22,423,2002,1943,臺南市,2014,1
2014.02,1.97,991990,93.81,4.1,8,7,75,11,10,364,24,23,590,2002,1943,臺南市,2014,2
2014.03,1.967,991990,93.99,4.1,8,8,123,11,11,546,25,24,886,2002,1943,臺南市,2014,3
2014.04,1.956,991990,94.62,4.1,8,8,91,12,11,496,27,25,900,2002,1943,臺南市,2014,4
2014.05,1.961,991990,94.76,4.1,8,7,90,12,11,518,28,25,880,2002,1943,臺南市,2014,5
2014.06,1.956,991990,95.25,4.1,8,7,92,13,12,599,26,22,807,2002,1943,臺南市,2014,6
2014.07,1.958,991990,95.22,4.1,8,7,77,12,12,522,27,24,735,2002,1943,臺南市,2014,7
2014.08,1.963,991990,95.64,4.1,9,8,73,12,11,397,28,26,663,2002,1943,臺南市,2014,8
2014.09,1.972,991990,95.59,4.1,9,9,71,13,12,538,25,23,733,2002,1943,臺南市,2014,9
2014.1,1.977,991990,95.66,4.1,9,8,80,12,12,471,26,24,699,2002,1943,臺南市,2014,1
2014.11,1.959,991990,94.78,4.1,9,9,78,13,12,485,27,24,702,2002,1943,臺南市,2014,11
2014.12,1.962,991990,94.46,4.1,10,9,92,13,12,544,28,27,1255,2002,1943,臺南市,2014,12
2015.01,1.985,1007093,93.3,3.8,9,8,52,12,12,447,27,23,616,1957,2106,臺南市,2015,1
2015.02,1.984,1007093,93.62,3.8,9,8,44,13,12,276,27,24,413,1652,1642,臺南市,2015,2
2015.03,1.99,1007093,93.41,3.8,10,8,92,13,12,447,28,27,809,2257,2297,臺南市,2015,3
2015.04,1.986,1007093,93.84,3.8,8,8,78,13,12,459,28,25,737,2067,2102,臺南市,2015,4
2015.05,1.981,1007093,94.07,3.8,9,9,72,13,12,415,28,26,762,2043,1933,臺南市,2015,5
2015.06,1.983,1007093,94.72,3.8,9,9,65,13,12,473,26,24,715,2003,1945,臺南市,2015,6
2015.07,1.976,1007093,94.62,3.9,9,9,62,13,12,420,27,25,692,2374,2149,臺南市,2015,7
2015.08,1.974,1007093,95.21,3.9,9,8,58,12,11,310,29,27,633,2174,2158,臺南市,2015,8
2015.09,1.964,1007093,95.87,3.9,9,8,58,14,13,312,26,24,696,1841,1687,臺南市,2015,9
2015.1,1.911,1007093,95.95,3.9,9,9,61,14,13,441,26,23,681,1618,1437,臺南市,2015,1
2015.11,1.906,1007093,95.29,3.9,11,9,73,13,12,381,26,24,940,1563,1435,臺南市,2015,11
2015.12,1.895,1007093,94.58,3.9,9,9,56,13,13,1022,28,26,981,1642,1545,臺南市,2015,12
2016.01,1.852,1063495,94.05,3.9,12,13,90,13,13,345,27,26,424,1818,1739,臺南市,2016,1
2016.02,1.835,1063495,95.88,3.9,10,10,26,13,13,200,28,25,325,1566,1692,臺南市,2016,2
2016.03,1.816,1063495,95.29,3.9,9,9,56,13,13,410,28,25,631,2098,2182,臺南市,2016,3
2016.04,1.74,1063495,95.6,3.9,9,8,63,13,13,446,29,28,588,1767,1977,臺南市,2016,4
2016.05,1.731,1063495,95.23,3.9,8,8,68,13,13,418,28,25,655,2008,1917,臺南市,2016,5
2016.06,1.724,1063495,95.57,3.9,9,8,56,14,14,678,29,26,697,1768,1800,臺南市,2016,6
2016.07,1.695,1063495,95.79,4,8,8,53,13,13,383,28,26,532,1854,1956,臺南市,2016,7
2016.08,1.684,1063495,95.75,4,11,10,63,13,14,417,28,25,476,2116,2211,臺南市,2016,8
2016.09,1.669,1063495,96.19,4,10,9,63,13,13,346,29,27,570,1875,1747,臺南市,2016,9
2016.1,1.661,1063495,97.58,4,9,8,56,13,14,591,28,25,581,1569,1500,臺南市,2016,1
2016.11,1.678,1063495,97.17,4,8,8,54,13,13,413,27,25,694,1660,1623,臺南市,2016,11
2016.12,1.659,1063495,96.18,4,9,9,72,15,16,828,29,26,855,1804,1823,臺南市,2016,12
2017.01,1.674,1079199,96.16,3.8,9,9,44,14,14,342,29,27,408,1505,1546,臺南市,2017,1
2017.02,1.668,1079199,95.82,3.8,9,8,41,14,14,346,29,27,462,1835,2059,臺南市,2017,2
2017.03,1.665,1079199,95.46,3.8,9,9,85,14,15,765,30,26,725,2048,2496,臺南市,2017,3
2017.04,1.666,1079199,95.69,3.8,9,9,58,14,14,540,29,26,655,1660,1873,臺南市,2017,4
2017.05,1.655,1079199,95.8,3.8,10,10,54,14,14,570,28,26,634,1922,1830,臺南市,2017,5
2017.06,1.647,1079199,96.53,3.8,9,9,56,14,14,498,29,26,767,1853,2022,臺南市,2017,6
2017.07,1.642,1079199,96.53,3.8,9,9,74,14,14,541,29,28,694,1913,1806,臺南市,2017,7
2017.08,1.638,1079199,96.67,3.8,9,8,53,15,15,668,30,28,725,2262,2369,臺南市,2017,8
2017.09,1.633,1079199,96.66,3.8,9,9,64,15,15,576,29,28,621,1893,1880,臺南市,2017,9
2017.1,1.627,1079199,97.26,3.8,10,10,60,15,14,590,29,27,771,1449,1579,臺南市,2017,1
2017.11,1.63,1079199,97.5,3.8,9,9,85,14,13,577,29,27,861,1568,1498,臺南市,2017,11
2017.12,1.632,1079199,97.35,3.8,10,10,68,15,16,873,30,27,916,1686,1668,臺南市,2017,12
2018.01,1.635,1086077,97.02,3.8,10,9,57,15,15,743,29,28,762,1909,1876,臺南市,2018,1
2018.02,1.633,1086077,97.93,3.8,9,9,38,15,15,444,29,27,514,1418,1514,臺南市,2018,2
2018.03,1.628,1086077,96.98,3.8,9,8,79,15,15,856,30,28,849,2298,2469,臺南市,2018,3
2018.04,1.629,1086077,97.61,3.8,9,9,63,15,15,789,31,31,792,1908,1785,臺南市,2018,4
2018.05,1.627,1086077,97.48,3.8,10,9,81,15,15,760,30,28,871,2399,2076,臺南市,2018,5
2018.06,1.624,1086077,97.88,3.8,9,8,54,15,15,599,31,29,779,1815,1711,臺南市,2018,6
2018.07,1.62,1086077,98.22,3.8,9,8,61,15,15,648,29,27,687,2073,2124,臺南市,2018,7
2018.08,1.626,1086077,98.16,3.8,10,9,61,14,13,672,30,28,578,2167,2132,臺南市,2018,8
2018.09,1.62,1086077,98.32,3.8,9,9,53,15,15,533,30,26,655,1766,1720,臺南市,2018,9
2018.1,1.627,1086077,98.39,3.8,10,9,58,15,14,625,29,28,702,1404,1304,臺南市,2018,1
2018.11,1.626,1086077,97.78,3.8,9,9,56,15,14,622,30,27,694,1310,1280,臺南市,2018,11
2018.12,1.617,1086077,97.29,3.8,9,9,74,15,15,599,29,27,814,1876,1904,臺南市,2018,12
2019.01,1.629,1079174,97.19,3.7,10,9,65,15,15,625,30,28,742,2006,2131,臺南市,2019,1
2019.02,1.638,1079174,98.14,3.7,11,10,50,15,15,443,28,26,597,1617,1611,臺南市,2019,2
2019.03,1.627,1079174,97.52,3.7,9,9,63,15,16,906,31,28,875,1945,2089,臺南市,2019,3
2019.04,1.622,1079174,98.25,3.7,10,9,63,16,17,936,31,29,863,1950,2063,臺南市,2019,4
2019.05,1.622,1079174,98.39,3.7,10,10,78,16,15,947,31,29,907,2125,1995,臺南市,2019,5
2019.06,1.621,1079174,98.71,3.7,11,11,78,16,16,746,32,29,743,1806,1729,臺南市,2019,6
2019.07,1.619,1079174,98.6,3.7,10,9,71,16,16,844,32,30,800,2450,2209,臺南市,2019,7
2019.08,1.624,1079174,98.58,3.7,11,9,58,16,16,635,30,29,691,2103,2273,臺南市,2019,8
2019.09,1.615,1079174,98.73,3.7,10,10,64,16,16,870,32,29,750,2004,2062,臺南市,2019,9
2019.1,1.615,1079174,98.75,3.7,11,10,93,16,16,964,32,31,821,1471,1399,臺南市,2019,1
2019.11,1.617,1079174,98.35,3.7,10,9,66,17,17,901,34,32,918,1256,1359,臺南市,2019,11
2019.12,1.608,1079174,98.41,3.7,10,10,73,16,16,997,32,31,946,1374,1224,臺南市,2019,12
2020.01,1.617,1086475,99,3.8,11,10,51,17,17,619,34,31,594,1893,1499,臺南市,2020,1
2020.02,1.611,1086475,97.94,3.8,10,10,65,16,16,762,33,31,770,1885,1903,臺南市,2020,2
2020.03,1.593,1086475,97.5,3.8,11,10,83,17,17,854,32,30,851,1954,1985,臺南市,2020,3
2020.04,1.381,1086475,97.3,3.8,10,10,78,17,17,662,31,30,647,1534,1818,臺南市,2020,4
2020.05,1.349,1086475,97.2,3.8,11,10,75,17,17,965,33,31,846,1633,1591,臺南市,2020,5
2020.06,1.359,1086475,97.98,3.8,11,11,107,17,17,1081,33,32,921,1571,1732,臺南市,2020,6
2020.07,1.359,1086475,98.1,3.8,12,11,104,18,18,1318,38,32,965,2001,2051,臺南市,2020,7
2020.08,1.359,1086475,98.25,3.8,11,11,73,19,18,1133,37,35,1030,1944,2099,臺南市,2020,8
2020.09,1.359,1086475,98.16,3.8,12,11,110,18,18,1237,36,35,994,1905,2035,臺南市,2020,9
2020.1,1.367,1086475,98.49,3.8,12,11,93,19,18,1184,36,34,1130,1421,1373,臺南市,2020,1
2020.11,1.361,1086475,98.44,3.8,11,11,84,18,18,1177,36,33,1065,1460,1452,臺南市,2020,11
2020.12,1.356,1086475,98.45,3.8,11,12,74,17,17,895,36,33,1081,1718,1632,臺南市,2020,12
2021.01,1.362,1120580,98.81,3.9,13,12,78,18,18,761,37,33,878,1535,1621,臺南市,2021,1
2021.02,1.367,1120580,99.29,3.9,12,10,57,19,18,550,38,37,668,1435,1547,臺南市,2021,2
2021.03,1.357,1120580,98.69,3.9,13,12,124,19,18,848,36,33,1047,1938,2091,臺南市,2021,3
2021.04,1.357,1120580,99.35,3.9,13,12,90,19,18,794,37,35,951,1697,1949,臺南市,2021,4
2021.05,1.35,1120580,99.58,3.9,13,13,65,19,18,756,36,33,832,1354,1557,臺南市,2021,5
2021.06,1.353,1120580,99.77,3.9,13,12,57,19,19,539,36,32,635,1470,1617,臺南市,2021,6
2021.07,1.349,1120580,99.97,3.9,12,11,76,18,18,580,36,32,711,1885,2134,臺南市,2021,7
2021.08,1.349,1120580,100.55,3.9,12,12,77,20,20,834,38,34,761,2028,2348,臺南市,2021,8
2021.09,1.346,1120580,100.71,3.9,15,13,86,21,20,914,39,35,899,1977,1949,臺南市,2021,9
2021.1,1.351,1120580,101,3.9,15,14,103,20,20,744,39,34,920,1526,1488,臺南市,2021,1
2021.11,1.351,1120580,101.24,3.9,13,13,89,20,20,836,38,34,815,1584,1693,臺南市,2021,11
2021.12,1.355,1120580,101.04,3.9,14,14,94,22,21,930,38,33,826,1710,1705,臺南市,2021,12
2022.01,1.359,1143699,101.61,3.6,14,14,65,21,21,566,40,35,689,1707,1864,臺南市,2022,1
2022.02,1.367,1143699,101.6,3.6,15,14,52,20,20,428,39,35,504,1414,1622,臺南市,2022,2
2022.03,1.378,1143699,101.92,3.6,15,14,69,21,21,752,42,39,863,2031,2260,臺南市,2022,3
2022.04,1.561,1143699,102.7,3.6,15,14,79,21,21,551,41,38,719,1869,2088,臺南市,2022,4
2022.05,1.601,1143699,102.96,3.6,15,15,90,22,22,551,39,36,625,1637,1853,臺南市,2022,5
2022.06,1.614,1143699,103.35,3.6,15,15,64,22,21,431,39,37,501,1570,1843,臺南市,2022,6
2022.07,1.703,1143699,103.32,3.7,15,15,56,22,21,482,37,33,488,1989,2114,臺南市,2022,7
2022.08,1.729,1143699,103.24,3.7,16,16,46,23,23,479,40,34,493,1786,2089,臺南市,2022,8
2022.09,1.731,1143699,103.49,3.7,15,15,63,23,23,529,39,34,528,1848,1877,臺南市,2022,9
2022.1,1.827,1143699,103.77,3.7,15,15,77,24,22,459,41,39,503,1190,1240,臺南市,2022,1
2022.11,1.851,1143699,103.62,3.7,15,14,66,22,21,391,38,35,432,1305,1336,臺南市,2022,11
2022.12,1.864,1143699,103.78,3.7,15,14,53,23,22,499,40,36,528,1615,1832,臺南市,2022,12
2023.01,1.953,1177168,104.71,3.5,16,14,47,23,21,335,44,39,351,1302,1597,臺南市,2023,1
2023.02,1.98,1177168,104.06,3.5,13,13,78,22,21,543,38,35,549,1746,2127,臺南市,2023,2
2023.03,1.985,1177168,104.32,3.5,16,16,67,24,23,642,41,38,656,1869,2325,臺南市,2023,3
2023.04,2.08,1177168,105.11,3.5,16,15,66,25,23,593,43,39,526,1351,1761,臺南市,2023,4
2023.05,2.101,1177168,105.04,3.5,16,15,60,24,23,494,39,36,538,1794,2230,臺南市,2023,5
2023.06,2.098,1177168,105.16,3.5,16,15,48,25,24,499,46,43,472,1596,1849,臺南市,2023,6
2023.07,2.098,1177168,105.26,3.4,14,13,41,24,23,365,43,41,384,1691,1903,臺南市,2023,7
2023.08,2.091,1177168,105.85,3.4,17,16,48,24,23,420,45,41,419,1986,2487,臺南市,2023,8
2023.09,2.076,1177168,106.52,3.4,15,15,46,24,24,526,42,38,386,1713,1952,臺南市,2023,9
2023.1,2.077,1177168,106.92,3.4,16,15,46,25,23,550,45,44,491,1231,1385,臺南市,2023,1
2023.11,2.071,1177168,106.62,3.4,15,14,53,25,26,606,45,40,517,1390,1527,臺南市,2023,11
2023.12,2.079,1177168,106.58,3.4,16,15,59,25,25,602,44,40,568,1317,1566,臺南市,2023,12
2014.01,1.963,1327963,94.18,4.1,13,11,240,18,17,1118,34,29,373,NA,NA,桃園市,2014,1
2014.02,1.97,1327963,93.81,4.1,13,11,138,18,18,1300,30,26,341,NA,NA,桃園市,2014,2
2014.03,1.967,1327963,93.99,4.1,13,12,309,18,17,2040,32,28,620,NA,NA,桃園市,2014,3
2014.04,1.956,1327963,94.62,4.1,13,12,325,19,18,1826,33,28,699,NA,NA,桃園市,2014,4
2014.05,1.961,1327963,94.76,4.1,12,11,266,18,17,2207,32,28,654,NA,NA,桃園市,2014,5
2014.06,1.956,1327963,95.25,4.1,12,12,265,19,17,1419,34,28,577,NA,NA,桃園市,2014,6
2014.07,1.958,1327963,95.22,4,13,11,224,19,18,1259,33,28,518,NA,NA,桃園市,2014,7
2014.08,1.963,1327963,95.64,4,13,12,221,18,18,1292,31,28,479,NA,NA,桃園市,2014,8
2014.09,1.972,1327963,95.59,4,13,12,238,18,17,1472,32,27,496,NA,NA,桃園市,2014,9
2014.1,1.977,1327963,95.66,4,13,12,257,18,18,1601,33,29,579,NA,NA,桃園市,2014,1
2014.11,1.959,1327963,94.78,4,13,12,227,19,18,1692,32,27,490,NA,NA,桃園市,2014,11
2014.12,1.962,1327963,94.46,4,13,12,265,19,18,1580,33,27,642,NA,NA,桃園市,2014,12
2015.01,1.985,1307158,93.3,3.8,12,12,153,18,18,948,35,30,432,2767,5159,桃園市,2015,1
2015.02,1.984,1307158,93.62,3.8,13,12,97,18,17,607,30,24,265,2279,5909,桃園市,2015,2
2015.03,1.99,1307158,93.41,3.8,13,12,209,18,18,1095,33,28,479,3140,9210,桃園市,2015,3
2015.04,1.986,1307158,93.84,3.8,14,13,199,22,18,1408,33,29,537,2799,6941,桃園市,2015,4
2015.05,1.981,1307158,94.07,3.8,12,12,203,18,18,1359,33,28,560,2990,6400,桃園市,2015,5
2015.06,1.983,1307158,94.72,3.8,12,12,191,18,17,1143,34,29,474,2918,5759,桃園市,2015,6
2015.07,1.976,1307158,94.62,4,13,12,164,18,18,1138,34,29,469,3169,5961,桃園市,2015,7
2015.08,1.974,1307158,95.21,4,13,12,167,18,17,926,33,27,405,3050,5460,桃園市,2015,8
2015.09,1.964,1307158,95.87,4,12,11,128,18,17,1138,31,27,354,2629,5060,桃園市,2015,9
2015.1,1.911,1307158,95.95,4,12,11,169,18,17,1101,34,32,477,2189,4128,桃園市,2015,1
2015.11,1.906,1307158,95.29,4,12,11,146,18,17,1936,33,25,536,2100,3805,桃園市,2015,11
2015.12,1.895,1307158,94.58,4,13,12,226,19,18,1408,32,27,620,2173,4075,桃園市,2015,12
2016.01,1.852,1317790,94.05,4,11,10,91,18,17,746,34,31,297,2366,4345,桃園市,2016,1
2016.02,1.835,1317790,95.88,4,12,11,61,19,17,485,34,30,188,2115,3811,桃園市,2016,2
2016.03,1.816,1317790,95.29,4,13,12,150,16,14,1745,36,31,438,2810,5208,桃園市,2016,3
2016.04,1.74,1317790,95.6,4,13,12,170,18,17,1326,33,29,438,2478,4380,桃園市,2016,4
2016.05,1.731,1317790,95.23,4,12,11,170,17,15,2184,36,31,477,2956,5681,桃園市,2016,5
2016.06,1.724,1317790,95.57,4,13,12,145,18,17,1474,36,30,431,2646,4935,桃園市,2016,6
2016.07,1.695,1317790,95.79,4.1,12,11,169,18,17,1483,35,31,430,2722,5750,桃園市,2016,7
2016.08,1.684,1317790,95.75,4.1,13,12,124,18,17,1211,33,29,382,3151,6456,桃園市,2016,8
2016.09,1.669,1317790,96.19,4.1,13,12,125,18,17,1473,46,29,381,2673,5410,桃園市,2016,9
2016.1,1.661,1317790,97.58,4.1,13,12,161,17,17,1540,33,29,438,2203,4626,桃園市,2016,1
2016.11,1.678,1317790,97.17,4.1,13,12,161,18,17,1493,33,29,407,2300,4701,桃園市,2016,11
2016.12,1.659,1317790,96.18,4.1,12,11,157,17,17,1327,32,28,494,2329,4569,桃園市,2016,12
2017.01,1.674,1337361,96.16,3.9,12,11,99,18,17,846,37,34,294,2008,3912,桃園市,2017,1
2017.02,1.668,1337361,95.82,3.9,11,10,102,18,17,1089,32,29,303,2433,4503,桃園市,2017,2
2017.03,1.665,1337361,95.46,3.9,14,12,152,18,17,1489,33,29,558,2847,5448,桃園市,2017,3
2017.04,1.666,1337361,95.69,3.9,13,12,146,18,17,1483,35,31,483,2325,4476,桃園市,2017,4
2017.05,1.655,1337361,95.8,3.9,13,11,159,18,17,1408,36,31,489,2772,5518,桃園市,2017,5
2017.06,1.647,1337361,96.53,3.9,13,11,134,18,17,1480,34,31,520,2655,5511,桃園市,2017,6
2017.07,1.642,1337361,96.53,3.8,11,11,157,18,17,1388,35,30,517,2579,5126,桃園市,2017,7
2017.08,1.638,1337361,96.67,3.8,13,11,180,18,17,1262,33,28,462,3339,6121,桃園市,2017,8
2017.09,1.633,1337361,96.66,3.8,13,12,169,18,17,1153,34,31,427,2654,5332,桃園市,2017,9
2017.1,1.627,1337361,97.26,3.8,12,11,174,18,18,1343,33,29,515,2142,3953,桃園市,2017,1
2017.11,1.63,1337361,97.5,3.8,12,12,140,18,17,1517,35,30,457,2308,4401,桃園市,2017,11
2017.12,1.632,1337361,97.35,3.8,12,11,145,18,17,1428,35,32,522,2262,4408,桃園市,2017,12
2018.01,1.635,1378732,97.02,3.8,13,11,176,18,17,1366,35,30,505,2590,4678,桃園市,2018,1
2018.02,1.633,1378732,97.93,3.8,13,13,67,19,18,736,36,32,256,2207,3637,桃園市,2018,2
2018.03,1.628,1378732,96.98,3.8,13,12,204,19,18,1447,33,30,504,3511,5887,桃園市,2018,3
2018.04,1.629,1378732,97.61,3.8,13,13,142,19,18,1497,37,34,550,2991,4831,桃園市,2018,4
2018.05,1.627,1378732,97.48,3.8,13,12,171,19,18,1574,34,30,493,3810,6129,桃園市,2018,5
2018.06,1.624,1378732,97.88,3.8,12,11,154,20,20,1773,35,31,421,2806,4672,桃園市,2018,6
2018.07,1.62,1378732,98.22,3.9,12,12,133,19,18,1732,32,29,526,3255,5455,桃園市,2018,7
2018.08,1.626,1378732,98.16,3.9,12,12,143,19,18,1659,35,31,440,3260,5552,桃園市,2018,8
2018.09,1.62,1378732,98.32,3.9,13,12,161,20,19,1565,35,32,416,2711,4222,桃園市,2018,9
2018.1,1.627,1378732,98.39,3.9,13,12,165,19,18,1791,35,32,429,2239,3318,桃園市,2018,1
2018.11,1.626,1378732,97.78,3.9,13,12,140,19,18,1529,37,31,415,2267,3292,桃園市,2018,11
2018.12,1.617,1378732,97.29,3.9,12,12,151,19,18,1524,34,30,459,2857,4818,桃園市,2018,12
2019.01,1.629,1392199,97.19,3.8,13,12,141,20,19,1544,35,32,452,3122,4812,桃園市,2019,1
2019.02,1.638,1392199,98.14,3.8,14,13,103,19,19,1014,33,31,250,2390,3659,桃園市,2019,2
2019.03,1.627,1392199,97.52,3.8,13,13,201,20,19,2233,35,30,446,2901,4593,桃園市,2019,3
2019.04,1.622,1392199,98.25,3.8,12,12,179,20,19,2006,36,32,533,3158,4964,桃園市,2019,4
2019.05,1.622,1392199,98.39,3.8,13,12,170,19,19,2141,35,33,513,3609,4715,桃園市,2019,5
2019.06,1.621,1392199,98.71,3.8,13,12,197,20,20,2178,35,31,481,2811,4345,桃園市,2019,6
2019.07,1.619,1392199,98.6,3.8,14,12,191,20,20,2118,36,32,534,3610,5539,桃園市,2019,7
2019.08,1.624,1392199,98.58,3.8,12,12,168,20,20,1849,36,34,456,3707,5156,桃園市,2019,8
2019.09,1.615,1392199,98.73,3.8,13,12,179,20,19,2098,38,35,511,3136,4615,桃園市,2019,9
2019.1,1.615,1392199,98.75,3.8,13,12,187,20,21,2391,37,33,536,2419,3731,桃園市,2019,1
2019.11,1.617,1392199,98.35,3.8,13,12,177,20,20,2309,37,34,532,2241,3195,桃園市,2019,11
2019.12,1.608,1392199,98.41,3.8,13,12,177,21,21,1954,37,33,494,2305,3163,桃園市,2019,12
2020.01,1.617,1424027,99,4,14,13,136,20,20,1479,37,32,359,2764,3887,桃園市,2020,1
2020.02,1.611,1424027,97.94,4,14,13,129,21,20,1700,37,33,436,3410,4755,桃園市,2020,2
2020.03,1.593,1424027,97.5,4,13,13,179,20,20,2297,36,33,550,3377,4484,桃園市,2020,3
2020.04,1.381,1424027,97.3,4,14,13,168,21,21,2010,37,33,487,3199,4344,桃園市,2020,4
2020.05,1.349,1424027,97.2,4,13,13,212,21,20,2414,39,35,608,3362,3982,桃園市,2020,5
2020.06,1.359,1424027,97.98,4,14,13,219,22,21,2607,40,37,680,2962,3933,桃園市,2020,6
2020.07,1.359,1424027,98.1,4,14,13,210,22,22,2744,38,36,706,3486,5187,桃園市,2020,7
2020.08,1.359,1424027,98.25,4,16,13,199,23,22,2736,37,33,625,3514,5499,桃園市,2020,8
2020.09,1.359,1424027,98.16,4,15,13,217,23,22,2648,37,34,584,3455,4941,桃園市,2020,9
2020.1,1.367,1424027,98.49,4,16,13,222,23,22,2672,41,36,682,2497,3501,桃園市,2020,1
2020.11,1.361,1424027,98.44,4,16,14,241,23,22,2628,39,37,685,2782,3489,桃園市,2020,11
2020.12,1.356,1424027,98.45,4,18,14,219,23,22,2488,40,37,642,2981,3853,桃園市,2020,12
2021.01,1.362,1448909,98.81,4,15,13,196,22,22,2068,38,34,600,2804,3514,桃園市,2021,1
2021.02,1.367,1448909,99.29,4,15,14,90,23,22,1356,36,33,396,2628,3420,桃園市,2021,2
2021.03,1.357,1448909,98.69,4,15,13,224,23,22,2509,38,34,799,3741,4973,桃園市,2021,3
2021.04,1.357,1448909,99.35,4,15,14,214,24,23,2709,39,35,728,3916,4524,桃園市,2021,4
2021.05,1.35,1448909,99.58,4,15,15,190,24,22,2020,37,32,587,2863,3327,桃園市,2021,5
2021.06,1.353,1448909,99.77,4,15,13,116,23,22,1256,38,35,436,2364,3318,桃園市,2021,6
2021.07,1.349,1448909,99.97,4,14,13,164,23,22,1720,38,35,578,3281,4616,桃園市,2021,7
2021.08,1.349,1448909,100.55,4,16,15,198,24,23,2316,38,36,619,3878,5208,桃園市,2021,8
2021.09,1.346,1448909,100.71,4,16,14,232,24,24,2628,38,33,731,3731,4603,桃園市,2021,9
2021.1,1.351,1448909,101,4,16,15,232,25,23,2765,41,38,806,2923,3496,桃園市,2021,1
2021.11,1.351,1448909,101.24,4,16,15,253,26,24,2750,41,37,775,3183,3846,桃園市,2021,11
2021.12,1.355,1448909,101.04,4,16,15,228,26,25,2571,40,35,695,3391,4141,桃園市,2021,12
2022.01,1.359,1449549,101.61,3.7,17,16,201,26,24,1881,40,36,504,3535,4099,桃園市,2022,1
2022.02,1.367,1449549,101.6,3.7,16,14,137,25,24,1401,42,38,393,3074,3357,桃園市,2022,2
2022.03,1.378,1449549,101.92,3.7,18,16,256,26,24,2433,42,38,759,4594,4915,桃園市,2022,3
2022.04,1.561,1449549,102.7,3.7,17,16,229,26,25,1958,41,38,573,3676,4408,桃園市,2022,4
2022.05,1.601,1449549,102.96,3.7,18,18,197,27,26,1595,43,38,456,3461,4014,桃園市,2022,5
2022.06,1.614,1449549,103.35,3.7,19,17,170,26,25,1384,43,39,461,3334,4360,桃園市,2022,6
2022.07,1.703,1449549,103.32,3.7,18,17,164,27,26,1570,41,37,501,3646,5054,桃園市,2022,7
2022.08,1.729,1449549,103.24,3.7,17,16,187,27,25,1387,42,38,438,3590,5013,桃園市,2022,8
2022.09,1.731,1449549,103.49,3.7,18,17,189,27,26,1538,44,41,503,3247,4405,桃園市,2022,9
2022.1,1.827,1449549,103.77,3.7,18,16,199,26,25,1507,44,40,456,2328,2942,桃園市,2022,1
2022.11,1.851,1449549,103.62,3.7,17,17,164,26,25,1355,41,37,449,2627,3147,桃園市,2022,11
2022.12,1.864,1449549,103.78,3.7,18,17,178,26,25,1303,44,39,488,3107,4443,桃園市,2022,12
2023.01,1.953,1490814,104.71,3.5,18,17,103,27,25,831,47,43,308,2544,3940,桃園市,2023,1
2023.02,1.98,1490814,104.06,3.5,19,17,147,26,25,1285,45,40,396,3386,4898,桃園市,2023,2
2023.03,1.985,1490814,104.32,3.5,18,16,245,27,26,1799,43,41,586,3898,5106,桃園市,2023,3
2023.04,2.08,1490814,105.11,3.5,18,16,185,28,27,1676,44,40,442,2765,3763,桃園市,2023,4
2023.05,2.101,1490814,105.04,3.5,20,18,142,28,27,1568,45,42,432,3382,4476,桃園市,2023,5
2023.06,2.098,1490814,105.16,3.5,18,17,175,29,28,1669,48,40,383,3205,4442,桃園市,2023,6
2023.07,2.098,1490814,105.26,3.5,20,18,133,29,28,1283,46,42,324,3258,4555,桃園市,2023,7
2023.08,2.091,1490814,105.85,3.5,19,19,152,29,28,1653,46,42,384,3686,5450,桃園市,2023,8
2023.09,2.076,1490814,106.52,3.5,21,18,128,30,30,1525,47,43,366,3427,4451,桃園市,2023,9
2023.1,2.077,1490814,106.92,3.5,20,18,175,30,30,1678,49,47,458,2540,3277,桃園市,2023,1
2023.11,2.071,1490814,106.62,3.5,19,19,170,31,30,1589,49,45,438,2486,3355,桃園市,2023,11
2023.12,2.079,1490814,106.58,3.5,20,19,181,30,29,1615,47,41,534,2341,3043,桃園市,2023,12
2014.01,1.963,1112287,94.18,4,10,9,212,14,12,954,34,29,501,3238,2860,高雄市,2014,1
2014.02,1.97,1112287,93.81,4,10,9,230,16,15,849,33,29,596,3238,2860,高雄市,2014,2
2014.03,1.967,1112287,93.99,4,10,9,338,15,15,1304,34,31,900,3238,2860,高雄市,2014,3
2014.04,1.956,1112287,94.62,4,11,10,319,16,15,1337,35,31,907,3238,2860,高雄市,2014,4
2014.05,1.961,1112287,94.76,4,11,10,297,16,15,1268,34,33,900,3238,2860,高雄市,2014,5
2014.06,1.956,1112287,95.25,4,11,9,257,16,16,1409,33,31,772,3238,2860,高雄市,2014,6
2014.07,1.958,1112287,95.22,3.9,11,10,271,16,15,1111,32,29,704,3238,2860,高雄市,2014,7
2014.08,1.963,1112287,95.64,3.9,10,10,164,16,16,985,33,30,507,3238,2860,高雄市,2014,8
2014.09,1.972,1112287,95.59,3.9,10,9,229,16,15,1003,34,32,667,3238,2860,高雄市,2014,9
2014.1,1.977,1112287,95.66,3.9,11,10,230,16,16,1170,33,29,745,3238,2860,高雄市,2014,1
2014.11,1.959,1112287,94.78,3.9,11,10,253,15,15,1159,34,32,741,3238,2860,高雄市,2014,11
2014.12,1.962,1112287,94.46,3.7,11,10,327,17,16,1645,34,30,852,3238,2860,高雄市,2014,12
2015.01,1.985,1145895,93.3,3.7,11,10,190,15,15,774,33,29,544,3035,2919,高雄市,2015,1
2015.02,1.984,1145895,93.62,3.7,10,9,145,15,15,600,35,32,396,2481,2338,高雄市,2015,2
2015.03,1.99,1145895,93.41,3.7,11,10,283,16,15,1114,35,32,728,3725,3262,高雄市,2015,3
2015.04,1.986,1145895,93.84,3.7,11,10,262,16,15,1033,36,32,697,3147,2878,高雄市,2015,4
2015.05,1.981,1145895,94.07,3.7,10,10,220,16,15,1054,35,31,675,3165,2966,高雄市,2015,5
2015.06,1.983,1145895,94.72,3.7,11,10,206,16,15,1008,34,30,708,3091,2992,高雄市,2015,6
2015.07,1.976,1145895,94.62,3.9,11,10,209,17,16,1107,34,30,676,3534,3288,高雄市,2015,7
2015.08,1.974,1145895,95.21,3.9,10,9,198,16,15,907,34,32,560,3463,3081,高雄市,2015,8
2015.09,1.964,1145895,95.87,3.9,11,10,174,16,15,903,34,30,574,2878,2595,高雄市,2015,9
2015.1,1.911,1145895,95.95,3.9,11,10,190,16,15,948,32,29,678,2428,2204,高雄市,2015,1
2015.11,1.906,1145895,95.29,3.9,11,10,241,17,15,1387,34,30,709,2318,2067,高雄市,2015,11
2015.12,1.895,1145895,94.58,3.9,11,10,251,16,15,1601,34,31,866,2400,2224,高雄市,2015,12
2016.01,1.852,1166824,94.05,4,11,9,155,15,14,664,39,30,382,2786,2461,高雄市,2016,1
2016.02,1.835,1166824,95.88,4,11,10,101,16,15,450,36,32,316,2414,2390,高雄市,2016,2
2016.03,1.816,1166824,95.29,4,11,10,182,17,15,854,34,31,585,3323,3405,高雄市,2016,3
2016.04,1.74,1166824,95.6,4,11,10,177,17,15,1159,33,30,662,2853,2661,高雄市,2016,4
2016.05,1.731,1166824,95.23,4,10,10,228,17,16,1196,34,31,658,3113,2767,高雄市,2016,5
2016.06,1.724,1166824,95.57,4,11,10,187,17,17,1255,33,31,610,2581,2733,高雄市,2016,6
2016.07,1.695,1166824,95.79,4,10,10,175,17,16,1166,37,34,647,2997,2869,高雄市,2016,7
2016.08,1.684,1166824,95.75,4,11,10,180,17,16,984,34,30,563,3345,3389,高雄市,2016,8
2016.09,1.669,1166824,96.19,4,11,10,167,17,16,886,35,31,610,2789,2752,高雄市,2016,9
2016.1,1.661,1166824,97.58,4,10,9,219,16,16,1212,34,30,707,2449,2155,高雄市,2016,1
2016.11,1.678,1166824,97.17,4,11,10,211,17,16,1200,34,30,720,2561,2370,高雄市,2016,11
2016.12,1.659,1166824,96.18,4,11,10,222,17,16,1310,34,30,741,2785,2761,高雄市,2016,12
2017.01,1.674,1186204,96.16,3.8,11,10,135,17,16,756,35,31,444,2443,2211,高雄市,2017,1
2017.02,1.668,1186204,95.82,3.8,10,10,144,17,17,939,34,30,528,2779,2712,高雄市,2017,2
2017.03,1.665,1186204,95.46,3.8,11,10,251,17,16,1404,33,29,748,3423,3289,高雄市,2017,3
2017.04,1.666,1186204,95.69,3.8,11,10,216,17,17,1257,34,30,688,2658,2731,高雄市,2017,4
2017.05,1.655,1186204,95.8,3.8,11,10,221,17,17,1216,34,31,650,3011,2689,高雄市,2017,5
2017.06,1.647,1186204,96.53,3.8,11,10,236,17,17,1376,34,31,699,2966,2574,高雄市,2017,6
2017.07,1.642,1186204,96.53,3.8,11,10,193,17,16,1189,35,33,639,2846,2882,高雄市,2017,7
2017.08,1.638,1186204,96.67,3.8,11,10,204,17,17,1168,34,32,669,3617,3553,高雄市,2017,8
2017.09,1.633,1186204,96.66,3.8,11,10,173,18,18,1133,35,32,561,2926,2575,高雄市,2017,9
2017.1,1.627,1186204,97.26,3.8,12,10,194,18,18,1236,35,32,587,2314,2079,高雄市,2017,1
2017.11,1.63,1186204,97.5,3.8,11,11,238,17,16,1402,37,36,726,2412,2183,高雄市,2017,11
2017.12,1.632,1186204,97.35,3.8,12,11,216,17,16,1348,36,34,752,2561,2263,高雄市,2017,12
2018.01,1.635,1219246,97.02,3.7,11,10,195,17,17,1332,38,37,700,2844,2660,高雄市,2018,1
2018.02,1.633,1219246,97.93,3.7,12,10,137,18,18,863,38,36,406,2188,2039,高雄市,2018,2
2018.03,1.628,1219246,96.98,3.7,12,11,253,17,16,1401,37,35,788,3791,3504,高雄市,2018,3
2018.04,1.629,1219246,97.61,3.7,12,11,238,17,16,1345,37,34,726,3082,2789,高雄市,2018,4
2018.05,1.627,1219246,97.48,3.7,12,11,232,16,15,1516,35,34,724,3786,2923,高雄市,2018,5
2018.06,1.624,1219246,97.88,3.7,11,10,225,17,16,1360,36,32,602,2752,2475,高雄市,2018,6
2018.07,1.62,1219246,98.22,3.8,12,10,216,17,16,1357,37,33,717,3430,3053,高雄市,2018,7
2018.08,1.626,1219246,98.16,3.8,12,11,179,18,17,1294,37,35,560,3365,3049,高雄市,2018,8
2018.09,1.62,1219246,98.32,3.8,11,10,169,18,17,1253,37,36,593,2483,2349,高雄市,2018,9
2018.1,1.627,1219246,98.39,3.8,11,10,233,18,18,1490,37,33,704,2012,1824,高雄市,2018,1
2018.11,1.626,1219246,97.78,3.8,11,10,207,17,16,1198,36,33,609,1968,1958,高雄市,2018,11
2018.12,1.617,1219246,97.29,3.8,12,11,262,18,17,1870,36,32,758,2726,2854,高雄市,2018,12
2019.01,1.629,1224668,97.19,3.7,12,11,240,18,17,1626,40,37,716,3015,3107,高雄市,2019,1
2019.02,1.638,1224668,98.14,3.7,12,10,181,17,17,1256,39,34,501,2212,2523,高雄市,2019,2
2019.03,1.627,1224668,97.52,3.7,12,11,275,18,18,2061,39,35,849,2888,3003,高雄市,2019,3
2019.04,1.622,1224668,98.25,3.7,12,11,282,19,18,1916,38,36,858,2986,3172,高雄市,2019,4
2019.05,1.622,1224668,98.39,3.7,12,12,284,18,18,1699,39,34,752,3058,2945,高雄市,2019,5
2019.06,1.621,1224668,98.71,3.7,12,11,226,18,17,1553,39,35,632,2586,2764,高雄市,2019,6
2019.07,1.619,1224668,98.6,3.7,12,11,234,19,18,1758,41,37,735,3363,3800,高雄市,2019,7
2019.08,1.624,1224668,98.58,3.7,12,11,239,18,17,1497,41,37,613,3256,3474,高雄市,2019,8
2019.09,1.615,1224668,98.73,3.7,13,12,236,19,18,1717,37,33,762,3117,2852,高雄市,2019,9
2019.1,1.615,1224668,98.75,3.7,13,11,278,19,18,1705,39,36,746,2120,2053,高雄市,2019,1
2019.11,1.617,1224668,98.35,3.7,13,11,269,19,18,1670,40,36,731,2087,1918,高雄市,2019,11
2019.12,1.608,1224668,98.41,3.7,13,12,253,18,18,1698,42,37,765,1986,1884,高雄市,2019,12
2020.01,1.617,1224100,99,3.8,12,12,190,19,18,1276,42,40,528,2287,3756,高雄市,2020,1
2020.02,1.611,1224100,97.94,3.8,13,12,231,19,18,1446,41,37,690,2673,2969,高雄市,2020,2
2020.03,1.593,1224100,97.5,3.8,13,12,252,19,17,1501,39,37,801,2673,3104,高雄市,2020,3
2020.04,1.381,1224100,97.3,3.8,12,11,229,19,18,1377,41,38,662,2247,2244,高雄市,2020,4
2020.05,1.349,1224100,97.2,3.8,12,12,240,19,19,1875,39,35,807,2180,2305,高雄市,2020,5
2020.06,1.359,1224100,97.98,3.8,13,12,269,20,19,2027,40,37,849,2911,2344,高雄市,2020,6
2020.07,1.359,1224100,98.1,3.8,13,12,292,19,18,2249,43,40,879,3339,2779,高雄市,2020,7
2020.08,1.359,1224100,98.25,3.8,13,12,238,19,18,1931,44,42,773,3423,2815,高雄市,2020,8
2020.09,1.359,1224100,98.16,3.8,12,12,265,20,18,1976,43,40,855,3406,2587,高雄市,2020,9
2020.1,1.367,1224100,98.49,3.8,13,12,289,21,19,2130,42,39,1004,2249,1923,高雄市,2020,1
2020.11,1.361,1224100,98.44,3.8,14,13,270,19,18,2116,42,39,937,2403,2038,高雄市,2020,11
2020.12,1.356,1224100,98.45,3.8,14,12,257,19,18,1797,43,40,924,2717,2226,高雄市,2020,12
2021.01,1.362,1231562,98.81,4,15,12,225,20,19,1939,42,40,769,2488,2308,高雄市,2021,1
2021.02,1.367,1231562,99.29,4,14,13,184,20,19,1360,43,40,527,2405,2297,高雄市,2021,2
2021.03,1.357,1231562,98.69,4,14,13,340,20,19,2054,45,41,1008,3105,3084,高雄市,2021,3
2021.04,1.357,1231562,99.35,4,14,13,270,20,19,1756,44,40,895,2794,2752,高雄市,2021,4
2021.05,1.35,1231562,99.58,4,15,13,265,19,19,1367,45,42,755,2291,2237,高雄市,2021,5
2021.06,1.353,1231562,99.77,4,14,12,169,19,19,1093,44,40,550,2173,2148,高雄市,2021,6
2021.07,1.349,1231562,99.97,3.9,14,13,264,20,19,1474,47,43,804,2869,2790,高雄市,2021,7
2021.08,1.349,1231562,100.55,3.9,14,13,230,21,20,1915,44,41,740,3047,2986,高雄市,2021,8
2021.09,1.346,1231562,100.71,3.9,14,13,322,22,21,2971,49,46,1014,2860,2693,高雄市,2021,9
2021.1,1.351,1231562,101,3.9,15,14,323,22,22,2634,49,47,984,2415,2059,高雄市,2021,1
2021.11,1.351,1231562,101.24,3.9,15,13,344,22,22,2141,49,44,1000,2706,2218,高雄市,2021,11
2021.12,1.355,1231562,101.04,3.9,15,14,367,23,23,1887,49,44,939,2681,2403,高雄市,2021,12
2022.01,1.359,1263068,101.61,3.7,14,14,280,23,23,1492,49,45,652,2833,2539,高雄市,2022,1
2022.02,1.367,1263068,101.6,3.7,16,15,237,23,23,1168,46,41,604,2510,2195,高雄市,2022,2
2022.03,1.378,1263068,101.92,3.7,16,14,364,23,23,1525,47,41,785,3575,3316,高雄市,2022,3
2022.04,1.561,1263068,102.7,3.7,16,15,285,24,24,1394,48,42,726,3151,2803,高雄市,2022,4
2022.05,1.601,1263068,102.96,3.7,16,15,245,24,23,1160,47,43,612,2943,2448,高雄市,2022,5
2022.06,1.614,1263068,103.35,3.7,16,15,224,23,22,1028,53,45,594,2740,2447,高雄市,2022,6
2022.07,1.703,1263068,103.32,3.6,16,15,236,23,22,1106,52,47,562,3209,2844,高雄市,2022,7
2022.08,1.729,1263068,103.24,3.6,17,16,206,23,23,919,48,44,501,2998,2664,高雄市,2022,8
2022.09,1.731,1263068,103.49,3.6,17,16,239,23,23,1063,47,41,564,2773,2571,高雄市,2022,9
2022.1,1.827,1263068,103.77,3.6,17,15,233,24,23,929,48,43,624,1855,1691,高雄市,2022,1
2022.11,1.851,1263068,103.62,3.6,16,15,218,23,22,844,45,40,474,2048,1996,高雄市,2022,11
2022.12,1.864,1263068,103.78,3.6,17,16,195,23,22,900,46,39,610,2765,2679,高雄市,2022,12
2023.01,1.953,1325786,104.71,3.4,17,16,167,23,23,796,49,42,430,2110,2153,高雄市,2023,1
2023.02,1.98,1325786,104.06,3.4,17,15,247,23,23,1120,48,43,650,2954,2943,高雄市,2023,2
2023.03,1.985,1325786,104.32,3.4,17,16,284,24,23,1320,48,44,674,3212,3191,高雄市,2023,3
2023.04,2.08,1325786,105.11,3.4,18,16,242,24,24,1171,49,41,590,2308,2360,高雄市,2023,4
2023.05,2.101,1325786,105.04,3.4,17,15,222,24,24,1087,48,42,524,3063,2619,高雄市,2023,5
2023.06,2.098,1325786,105.16,3.4,18,16,166,25,24,977,56,47,487,2696,2488,高雄市,2023,6
2023.07,2.098,1325786,105.26,3.4,16,15,122,25,25,735,50,48,398,2744,2674,高雄市,2023,7
2023.08,2.091,1325786,105.85,3.4,17,15,158,25,25,1036,55,49,473,3381,3107,高雄市,2023,8
2023.09,2.076,1325786,106.52,3.4,18,16,196,26,25,995,51,48,437,2917,2407,高雄市,2023,9
2023.1,2.077,1325786,106.92,3.4,17,15,208,26,26,1274,53,52,553,2099,2032,高雄市,2023,1
2023.11,2.071,1325786,106.62,3.4,17,16,255,26,26,1320,51,47,638,2260,2114,高雄市,2023,11
2023.12,2.079,1325786,106.58,3.4,18,16,231,26,26,1500,54,48,684,2183,2048,高雄市,2023,12
2014.01,1.963,1146991,94.18,4,24,17,1970,30,24,3658,55,48,112,8519,7844,新北市,2014,1
2014.02,1.97,1146991,93.81,4,24,17,1723,29,23,3854,59,50,86,8519,7844,新北市,2014,2
2014.03,1.967,1146991,93.99,4,25,18,3056,30,24,6208,60,49,152,8519,7844,新北市,2014,3
2014.04,1.956,1146991,94.62,4,26,20,3041,31,24,6507,52,46,173,8519,7844,新北市,2014,4
2014.05,1.961,1146991,94.76,4,25,18,2551,31,25,5774,58,50,141,8519,7844,新北市,2014,5
2014.06,1.956,1146991,95.25,4,25,18,2378,30,24,5529,55,44,142,8519,7844,新北市,2014,6
2014.07,1.958,1146991,95.22,3.9,25,18,2403,30,24,5277,53,47,133,8519,7844,新北市,2014,7
2014.08,1.963,1146991,95.64,3.9,25,19,1998,30,25,4648,43,41,98,8519,7844,新北市,2014,8
2014.09,1.972,1146991,95.59,3.9,25,19,2323,30,25,5104,54,49,126,8519,7844,新北市,2014,9
2014.1,1.977,1146991,95.66,3.9,25,19,2474,30,24,5428,46,39,141,8519,7844,新北市,2014,1
2014.11,1.959,1146991,94.78,3.9,26,20,2335,30,24,5082,48,42,133,8519,7844,新北市,2014,11
2014.12,1.962,1146991,94.46,3.9,26,20,2991,31,26,7187,50,43,179,8519,7844,新北市,2014,12
2015.01,1.985,1171978,93.3,3.6,26,19,1648,24,18,6993,49,43,100,7998,7017,新北市,2015,1
2015.02,1.984,1171978,93.62,3.6,25,18,1091,25,19,4784,50,49,76,7252,5688,新北市,2015,2
2015.03,1.99,1171978,93.41,3.6,25,18,2088,24,18,8876,59,51,101,11298,8283,新北市,2015,3
2015.04,1.986,1171978,93.84,3.6,24,18,2113,26,20,8573,48,48,105,9433,7635,新北市,2015,4
2015.05,1.981,1171978,94.07,3.6,25,18,2074,25,19,7982,53,50,110,9312,9004,新北市,2015,5
2015.06,1.983,1171978,94.72,3.6,25,19,2005,26,19,8012,49,46,111,8797,7638,新北市,2015,6
2015.07,1.976,1171978,94.62,3.8,25,19,1974,24,19,8025,53,49,114,9019,8658,新北市,2015,7
2015.08,1.974,1171978,95.21,3.8,25,19,1732,24,18,7301,51,46,87,8667,8139,新北市,2015,8
2015.09,1.964,1171978,95.87,3.8,25,18,1573,25,19,6578,44,41,113,8103,8004,新北市,2015,9
2015.1,1.911,1171978,95.95,3.8,26,21,2119,24,19,7634,53,45,119,6623,6194,新北市,2015,1
2015.11,1.906,1171978,95.29,3.8,27,22,2309,24,18,10310,54,51,163,6075,5475,新北市,2015,11
2015.12,1.895,1171978,94.58,3.8,26,21,2560,24,18,10738,51,47,165,6653,5644,新北市,2015,12
2016.01,1.852,1223867,94.05,3.9,25,18,1337,23,18,4989,46,45,65,6781,6249,新北市,2016,1
2016.02,1.835,1223867,95.88,3.9,25,20,778,24,19,3199,60,44,55,6040,5721,新北市,2016,2
2016.03,1.816,1223867,95.29,3.9,23,18,1626,23,18,7800,47,42,107,9135,7620,新北市,2016,3
2016.04,1.74,1223867,95.6,3.9,26,21,1801,24,19,8580,52,52,104,7491,6735,新北市,2016,4
2016.05,1.731,1223867,95.23,3.9,25,20,1965,24,19,9770,48,48,117,8983,9027,新北市,2016,5
2016.06,1.724,1223867,95.57,3.9,26,21,1799,24,19,8512,45,40,129,7958,6929,新北市,2016,6
2016.07,1.695,1223867,95.79,4,25,20,1830,24,19,8959,47,39,103,8267,7898,新北市,2016,7
2016.08,1.684,1223867,95.75,4,25,21,1597,25,20,7706,53,47,102,9135,9007,新北市,2016,8
2016.09,1.669,1223867,96.19,4,24,19,1596,24,19,7843,49,50,96,7828,7681,新北市,2016,9
2016.1,1.661,1223867,97.58,4,24,19,1833,23,18,8701,57,47,98,6680,6513,新北市,2016,1
2016.11,1.678,1223867,97.17,4,25,20,1865,24,19,8169,46,43,121,6691,7087,新北市,2016,11
2016.12,1.659,1223867,96.18,4,24,19,2067,24,19,10013,55,47,167,7012,6829,新北市,2016,12
2017.01,1.674,1265798,96.16,3.8,25,21,1276,23,18,6277,55,48,76,5862,5592,新北市,2017,1
2017.02,1.668,1265798,95.82,3.8,25,21,1216,24,19,6289,62,47,81,6822,6688,新北市,2017,2
2017.03,1.665,1265798,95.46,3.8,25,20,2037,24,19,9484,51,51,117,8820,8062,新北市,2017,3
2017.04,1.666,1265798,95.69,3.8,25,21,1921,24,19,9467,69,41,125,6777,6721,新北市,2017,4
2017.05,1.655,1265798,95.8,3.8,25,20,1957,24,18,9978,70,44,108,8510,8949,新北市,2017,5
2017.06,1.647,1265798,96.53,3.8,25,21,1819,25,20,10021,49,41,127,8137,7648,新北市,2017,6
2017.07,1.642,1265798,96.53,3.7,25,21,1877,25,20,9224,46,34,101,7381,8010,新北市,2017,7
2017.08,1.638,1265798,96.67,3.7,25,20,1893,24,19,9258,53,38,112,9049,9063,新北市,2017,8
2017.09,1.633,1265798,96.66,3.7,24,20,1726,25,20,8707,59,43,98,7934,7790,新北市,2017,9
2017.1,1.627,1265798,97.26,3.7,25,21,1873,25,20,9856,54,49,94,6164,5590,新北市,2017,1
2017.11,1.63,1265798,97.5,3.7,25,20,2036,24,19,10996,61,43,176,6510,6176,新北市,2017,11
2017.12,1.632,1265798,97.35,3.7,26,22,2010,25,20,10882,66,50,139,6967,6376,新北市,2017,12
2018.01,1.635,1292753,97.02,3.7,27,22,1885,25,20,9662,49,48,128,7399,6671,新北市,2018,1
2018.02,1.633,1292753,97.93,3.7,26,22,975,25,20,5913,56,49,53,5478,5425,新北市,2018,2
2018.03,1.628,1292753,96.98,3.7,25,19,2092,25,20,11295,47,46,114,10213,9400,新北市,2018,3
2018.04,1.629,1292753,97.61,3.7,26,21,1969,35,19,10700,55,46,125,8125,7368,新北市,2018,4
2018.05,1.627,1292753,97.48,3.7,27,21,2167,25,20,11394,43,36,137,10107,10770,新北市,2018,5
2018.06,1.624,1292753,97.88,3.7,27,22,2003,25,20,10783,48,42,105,7345,7189,新北市,2018,6
2018.07,1.62,1292753,98.22,3.8,26,22,1881,25,20,10750,57,53,109,8376,8817,新北市,2018,7
2018.08,1.626,1292753,98.16,3.8,26,21,1755,25,21,10322,53,45,145,7839,8826,新北市,2018,8
2018.09,1.62,1292753,98.32,3.8,26,20,1739,25,21,10042,54,51,105,6387,7288,新北市,2018,9
2018.1,1.627,1292753,98.39,3.8,26,23,1953,25,21,11008,49,44,109,5410,5479,新北市,2018,1
2018.11,1.626,1292753,97.78,3.8,27,24,1797,25,21,10198,46,39,129,5368,5933,新北市,2018,11
2018.12,1.617,1292753,97.29,3.8,26,22,2126,25,21,11068,56,47,114,7495,8413,新北市,2018,12
2019.01,1.629,1319841,97.19,3.8,26,22,1975,25,20,10735,51,50,139,7550,8311,新北市,2019,1
2019.02,1.638,1319841,98.14,3.8,25,19,1221,25,20,7305,50,46,75,5838,6833,新北市,2019,2
2019.03,1.627,1319841,97.52,3.8,26,22,2363,25,21,13633,44,43,122,7771,8227,新北市,2019,3
2019.04,1.622,1319841,98.25,3.8,26,21,2244,26,21,13165,51,46,127,7362,8190,新北市,2019,4
2019.05,1.622,1319841,98.39,3.8,26,22,2229,26,21,13151,51,47,124,8059,10808,新北市,2019,5
2019.06,1.621,1319841,98.71,3.8,26,21,2102,26,21,12756,52,51,103,6681,7552,新北市,2019,6
2019.07,1.619,1319841,98.6,3.8,26,23,2287,26,21,12933,49,46,129,8348,10886,新北市,2019,7
2019.08,1.624,1319841,98.58,3.8,26,22,1897,26,21,11106,51,48,120,7665,10056,新北市,2019,8
2019.09,1.615,1319841,98.73,3.8,25,22,2046,26,22,13028,52,48,114,7169,9375,新北市,2019,9
2019.1,1.615,1319841,98.75,3.8,26,21,2304,27,22,13883,49,46,119,5901,6729,新北市,2019,1
2019.11,1.617,1319841,98.35,3.8,27,22,2318,26,22,13407,55,43,116,5016,6189,新北市,2019,11
2019.12,1.608,1319841,98.41,3.8,27,23,2341,27,22,13131,58,53,129,4938,6075,新北市,2019,12
2020.01,1.617,1352548,99,3.9,26,21,1550,27,22,8957,59,55,90,5972,7167,新北市,2020,1
2020.02,1.611,1352548,97.94,3.9,27,23,1847,26,22,10891,50,46,87,7081,9223,新北市,2020,2
2020.03,1.593,1352548,97.5,3.9,26,21,2192,26,22,12721,52,44,126,7331,8911,新北市,2020,3
2020.04,1.381,1352548,97.3,3.9,26,22,2017,26,22,10702,48,46,107,6409,8092,新北市,2020,4
2020.05,1.349,1352548,97.2,3.9,27,23,2372,27,22,14485,51,47,131,6896,9479,新北市,2020,5
2020.06,1.359,1352548,97.98,3.9,27,22,2583,28,23,16504,48,44,150,6780,7414,新北市,2020,6
2020.07,1.359,1352548,98.1,3.9,27,23,2656,28,23,17729,54,49,163,7945,9459,新北市,2020,7
2020.08,1.359,1352548,98.25,3.9,28,24,2399,29,24,17238,59,50,156,7663,9410,新北市,2020,8
2020.09,1.359,1352548,98.16,3.9,27,22,2457,29,24,16445,61,49,155,7652,9785,新北市,2020,9
2020.1,1.367,1352548,98.49,3.9,28,23,2586,29,24,16830,55,47,168,5540,6496,新北市,2020,1
2020.11,1.361,1352548,98.44,3.9,29,25,2681,28,23,16524,53,47,157,6070,7311,新北市,2020,11
2020.12,1.356,1352548,98.45,3.9,29,25,2707,30,24,15023,54,51,168,6530,7398,新北市,2020,12
2021.01,1.362,1381603,98.81,4,29,24,2335,30,24,13455,62,62,159,6023,6904,新北市,2021,1
2021.02,1.367,1381603,99.29,4,29,24,1550,30,24,9676,52,46,106,5626,6676,新北市,2021,2
2021.03,1.357,1381603,98.69,4,29,24,3028,30,24,16152,53,51,186,8028,9164,新北市,2021,3
2021.04,1.357,1381603,99.35,4,30,25,2689,30,24,15662,54,48,181,7329,8661,新北市,2021,4
2021.05,1.35,1381603,99.58,4,29,23,2205,29,24,11753,56,47,142,5531,6619,新北市,2021,5
2021.06,1.353,1381603,99.77,4,28,22,1466,28,23,7626,44,40,102,5407,5690,新北市,2021,6
2021.07,1.349,1381603,99.97,4.1,28,23,2216,29,23,10893,54,49,132,6864,8103,新北市,2021,7
2021.08,1.349,1381603,100.55,4.1,30,25,2369,30,25,14466,52,47,172,7793,9663,新北市,2021,8
2021.09,1.346,1381603,100.71,4.1,29,24,2621,30,25,17069,60,56,185,7599,10000,新北市,2021,9
2021.1,1.351,1381603,101,4.1,30,26,2882,32,26,17053,59,56,189,5751,7169,新北市,2021,1
2021.11,1.351,1381603,101.24,4.1,30,25,2869,31,26,15935,55,54,190,6453,7398,新北市,2021,11
2021.12,1.355,1381603,101.04,4.1,29,24,2815,32,26,14216,56,50,189,7037,8019,新北市,2021,12
2022.01,1.359,1421385,101.61,3.7,29,24,2188,32,27,10753,66,53,135,7018,8157,新北市,2022,1
2022.02,1.367,1421385,101.6,3.7,29,25,1688,32,27,8450,58,58,84,5718,6564,新北市,2022,2
2022.03,1.378,1421385,101.92,3.7,29,25,2848,33,27,13458,62,52,184,8920,9432,新北市,2022,3
2022.04,1.561,1421385,102.7,3.7,30,25,2474,33,28,10937,55,51,143,7459,7551,新北市,2022,4
2022.05,1.601,1421385,102.96,3.7,30,24,1950,33,28,9164,55,51,126,7025,7335,新北市,2022,5
2022.06,1.614,1421385,103.35,3.7,31,26,2009,34,27,8240,60,59,107,7449,7427,新北市,2022,6
2022.07,1.703,1421385,103.32,3.8,31,26,2067,33,28,8789,60,55,132,8197,8729,新北市,2022,7
2022.08,1.729,1421385,103.24,3.8,30,26,1843,33,28,7597,70,55,119,7751,8489,新北市,2022,8
2022.09,1.731,1421385,103.49,3.8,30,25,1969,33,28,8260,57,54,115,7078,8057,新北市,2022,9
2022.1,1.827,1421385,103.77,3.8,30,25,2019,33,28,7788,62,57,101,5030,4702,新北市,2022,1
2022.11,1.851,1421385,103.62,3.8,32,26,1958,33,27,6993,60,49,128,5450,5601,新北市,2022,11
2022.12,1.864,1421385,103.78,3.8,31,27,2010,33,27,7550,66,65,161,7134,8367,新北市,2022,12
2023.01,1.953,1440893,104.71,3.5,29,24,1277,32,27,5210,65,57,70,5658,5879,新北市,2023,1
2023.02,1.98,1440893,104.06,3.5,31,27,2149,32,27,7664,57,50,103,7463,8113,新北市,2023,2
2023.03,1.985,1440893,104.32,3.5,33,28,2640,34,28,9750,63,58,167,8371,8591,新北市,2023,3
2023.04,2.08,1440893,105.11,3.5,33,29,2322,35,29,9245,63,58,138,5916,5981,新北市,2023,4
2023.05,2.101,1440893,105.04,3.5,34,29,2035,34,29,8265,62,57,121,8098,8776,新北市,2023,5
2023.06,2.098,1440893,105.16,3.5,32,28,1704,36,30,7917,58,54,103,7292,7601,新北市,2023,6
2023.07,2.098,1440893,105.26,3.5,33,28,1334,35,30,6203,67,54,89,7485,8277,新北市,2023,7
2023.08,2.091,1440893,105.85,3.5,33,29,1780,36,30,8081,58,52,117,8231,8996,新北市,2023,8
2023.09,2.076,1440893,106.52,3.5,33,31,1720,36,31,7798,71,69,101,7534,8850,新北市,2023,9
2023.1,2.077,1440893,106.92,3.5,34,30,2044,36,31,8956,67,55,107,5661,5935,新北市,2023,1
2023.11,2.071,1440893,106.62,3.5,33,27,2068,36,30,8884,63,56,130,5840,5958,新北市,2023,11
2023.12,2.079,1440893,106.58,3.5,35,32,2314,36,31,9557,63,54,147,5363,5537,新北市,2023,12
